Object,Close-Approach (CA) Date,CA Distance Nominal (LD | au),CA Distance Minimum (LD | au),V relative (km/s),V infinity (km/s),H (mag),Estimated Diameter
(2017 SG20),2017-Oct-02 03:20Ê±Ê< 00:01,15.25 | 0.03919,15.14 | 0.03891,11.37,11.36,25.3,23 m -   52 m
(2017 SX17),2017-Oct-02 10:20Ê±Ê< 00:01,0.23 | 0.00058,0.23 | 0.00058,7.31,6.66,28.3,5.8 m -   13 m
(2017 SK20),2017-Oct-02 12:20Ê±Ê< 00:01,12.35 | 0.03172,12.24 | 0.03144,9.75,9.74,26.1,16 m -   36 m
(2017 SS16),2017-Oct-03 05:41Ê±Ê< 00:01,5.38 | 0.01383,5.36 | 0.01379,16.28,16.27,26.3,15 m -   33 m
(2017 TY3),2017-Oct-03 07:16Ê±ÊÊÊÊ00:02,4.27 | 0.01097,4.19 | 0.01078,16.69,16.68,25.4,22 m -   49 m
(2017 TE2),2017-Oct-03 11:58Ê±Ê< 00:01,12.96 | 0.03331,12.89 | 0.03312,14.66,14.65,23.3,58 m -  130 m
(2017 SJ19),2017-Oct-04 03:17Ê±ÊÊÊÊ00:01,17.11 | 0.04398,16.64 | 0.04276,5.52,5.51,27.1,10 m -   23 m
(2017 TS1),2017-Oct-04 04:18Ê±Ê< 00:01,7.40 | 0.01901,7.38 | 0.01897,10.43,10.41,24.7,31 m -   68 m
(2017 SO10),2017-Oct-04 04:54Ê±Ê< 00:01,16.60 | 0.04264,16.58 | 0.04260,8.38,8.37,24.6,32 m -   71 m
(2017 UL1),2017-Oct-04 05:13Ê±ÊÊÊÊ00:06,11.26 | 0.02893,10.94 | 0.02811,13.45,13.45,24.8,29 m -   65 m
(2017 TF1),2017-Oct-04 09:02Ê±Ê< 00:01,10.88 | 0.02795,10.87 | 0.02794,2.37,2.33,26.7,12 m -   27 m
(2004 RE84),2017-Oct-04 14:59Ê±Ê< 00:01,15.21 | 0.03908,15.21 | 0.03908,16.09,16.08,21.9,110 m -  250 m
(2017 ST14),2017-Oct-04 16:27Ê±Ê< 00:01,15.95 | 0.04098,15.91 | 0.04089,17.30,17.30,23.5,53 m -  120 m
(2017 SO21),2017-Oct-04 18:51Ê±Ê< 00:01,15.90 | 0.04086,15.87 | 0.04077,5.74,5.73,25.3,23 m -   52 m
(2017 WX13),2017-Oct-05 15:36Ê±ÊÊÊÊ00:02,16.20 | 0.04164,16.20 | 0.04162,3.20,3.18,24.4,35 m -   78 m
(2017 UM2),2017-Oct-05 18:18Ê±Ê< 00:01,18.97 | 0.04875,18.75 | 0.04819,7.56,7.55,26.2,15 m -   34 m
(2017 TB),2017-Oct-05 19:44Ê±Ê< 00:01,1.14 | 0.00293,1.14 | 0.00292,6.03,5.87,29.1,4.0 m -  9.0 m
(2017 UN1),2017-Oct-05 19:44Ê±ÊÊÊÊ00:01,19.07 | 0.04901,18.93 | 0.04865,12.95,12.95,24.8,29 m -   65 m
(2017 UE1),2017-Oct-05 20:14Ê±ÊÊÊÊ00:22,9.64 | 0.02478,9.42 | 0.02421,10.84,10.83,26.2,15 m -   34 m
(2017 TH1),2017-Oct-06 08:19Ê±Ê< 00:01,16.79 | 0.04315,16.74 | 0.04303,8.87,8.87,25.3,23 m -   52 m
(2017 TM4),2017-Oct-06 16:10Ê±Ê< 00:01,1.92 | 0.00494,1.92 | 0.00492,8.13,8.06,27.7,7.7 m -   17 m
(2017 TA),2017-Oct-06 21:32Ê±Ê< 00:01,2.66 | 0.00683,2.65 | 0.00681,11.33,11.29,24.8,29 m -   65 m
(2017 TL2),2017-Oct-07 20:08Ê±Ê< 00:01,6.27 | 0.01612,6.24 | 0.01604,9.24,9.22,27.1,10 m -   23 m
(2017 TE4),2017-Oct-08 08:59Ê±Ê< 00:01,7.09 | 0.01822,7.04 | 0.01808,6.27,6.25,27.3,9.2 m -   21 m
(2017 TP2),2017-Oct-08 15:00Ê±Ê< 00:01,19.35 | 0.04973,19.33 | 0.04967,9.63,9.62,24.5,33 m -   75 m
(2017 TV3),2017-Oct-08 16:26Ê±Ê< 00:01,6.75 | 0.01735,6.73 | 0.01729,7.00,6.98,26.1,16 m -   36 m
(2017 TX4),2017-Oct-08 16:49Ê±Ê< 00:01,7.23 | 0.01859,7.20 | 0.01850,10.50,10.48,26.5,13 m -   30 m
(2017 TB5),2017-Oct-09 01:15Ê±Ê< 00:01,17.65 | 0.04535,17.49 | 0.04493,7.98,7.97,26,17 m -   38 m
(2017 US2),2017-Oct-09 07:04Ê±ÊÊÊÊ00:44,2.59 | 0.00665,2.51 | 0.00645,7.99,7.94,26.1,16 m -   36 m
(2017 TH2),2017-Oct-09 07:45Ê±Ê< 00:01,2.14 | 0.00549,2.13 | 0.00548,5.03,4.93,28.8,4.6 m -   10 m
(2017 TN4),2017-Oct-09 11:21Ê±Ê< 00:01,16.04 | 0.04122,16.02 | 0.04117,8.52,8.51,25.2,24 m -   54 m
(2017 TA5),2017-Oct-09 14:02Ê±Ê< 00:01,7.48 | 0.01923,7.38 | 0.01896,11.26,11.24,27.2,9.7 m -   22 m
(2017 TT4),2017-Oct-09 16:33Ê±Ê< 00:01,2.32 | 0.00596,2.31 | 0.00593,15.80,15.77,27.1,10 m -   23 m
(2017 TF5),2017-Oct-10 07:40Ê±ÊÊÊÊ00:20,0.73 | 0.00188,0.72 | 0.00185,22.82,22.75,25.4,22 m -   49 m
(2017 UZ),2017-Oct-10 09:06Ê±Ê< 00:01,15.30 | 0.03932,15.09 | 0.03877,13.06,13.06,26,17 m -   38 m
(2017 SN21),2017-Oct-10 15:57Ê±Ê< 00:01,8.96 | 0.02302,8.91 | 0.02290,7.59,7.57,26,17 m -   38 m
(2017 TH4),2017-Oct-10 21:49Ê±Ê< 00:01,6.65 | 0.01708,6.63 | 0.01704,13.94,13.93,24.5,33 m -   75 m
(2017 TY5),2017-Oct-10 22:23Ê±Ê< 00:01,3.78 | 0.00972,3.77 | 0.00968,7.50,7.47,26.3,15 m -   33 m
(2017 UK1),2017-Oct-11 00:56Ê±Ê< 00:01,6.54 | 0.01681,6.54 | 0.01681,7.15,7.13,27.1,10 m -   23 m
(2017 SB20),2017-Oct-11 01:29Ê±Ê< 00:01,8.93 | 0.02295,8.90 | 0.02286,7.13,7.11,25,27 m -   59 m
(2017 UF8),2017-Oct-11 04:00Ê±ÊÊÊÊ00:29,18.35 | 0.04716,17.91 | 0.04603,11.23,11.23,24.8,29 m -   65 m
(2017 TJ6),2017-Oct-11 08:00Ê±Ê< 00:01,7.08 | 0.01818,7.01 | 0.01800,6.34,6.31,27.6,8.0 m -   18 m
(2017 UF1),2017-Oct-11 16:12Ê±Ê< 00:01,12.05 | 0.03097,11.95 | 0.03071,12.26,12.25,26.6,13 m -   28 m
(2017 TJ2),2017-Oct-11 22:16Ê±Ê< 00:01,11.13 | 0.02860,11.11 | 0.02854,11.65,11.64,24.8,29 m -   65 m
(2017 RV1),2017-Oct-12 02:44Ê±Ê< 00:01,17.74 | 0.04559,17.74 | 0.04559,10.90,10.90,20.1,250 m -  570 m
(2017 UY),2017-Oct-12 04:09Ê±Ê< 00:01,11.22 | 0.02883,11.07 | 0.02845,14.96,14.95,26.3,15 m -   33 m
(2012 TC4),2017-Oct-12 05:42Ê±Ê< 00:01,0.13 | 0.00034,0.13 | 0.00034,7.65,6.52,26.7,12 m -   27 m
(2017 UP1),2017-Oct-12 09:24Ê±ÊÊÊÊ00:01,6.19 | 0.01590,6.15 | 0.01581,11.16,11.15,26.8,12 m -   26 m
(2017 TZ5),2017-Oct-12 19:56Ê±Ê< 00:01,6.98 | 0.01793,6.95 | 0.01786,9.76,9.75,26.8,12 m -   26 m
(2017 TT1),2017-Oct-13 03:13Ê±Ê< 00:01,2.52 | 0.00647,2.51 | 0.00645,10.70,10.66,27.2,9.7 m -   22 m
(2017 TK2),2017-Oct-13 06:09Ê±Ê< 00:01,4.93 | 0.01267,4.92 | 0.01263,11.59,11.58,25.8,18 m -   41 m
(2013 UM9),2017-Oct-13 09:38Ê±Ê< 00:01,9.13 | 0.02346,9.13 | 0.02346,7.06,7.04,24.6,32 m -   71 m
(2017 TU5),2017-Oct-13 10:30Ê±Ê< 00:01,6.84 | 0.01758,6.81 | 0.01751,7.73,7.71,27.5,8.4 m -   19 m
(2017 UE),2017-Oct-13 10:36Ê±Ê< 00:01,4.41 | 0.01133,4.40 | 0.01130,8.39,8.36,26.9,11 m -   25 m
(2017 TU1),2017-Oct-13 12:21Ê±Ê< 00:01,5.21 | 0.01340,5.20 | 0.01336,10.37,10.35,26.1,16 m -   36 m
(2017 UR1),2017-Oct-13 15:42Ê±Ê< 00:01,17.67 | 0.04540,17.55 | 0.04509,10.68,10.67,25.4,22 m -   49 m
(2017 UQ1),2017-Oct-13 18:14Ê±Ê< 00:01,5.81 | 0.01493,5.77 | 0.01482,22.94,22.93,25.9,18 m -   39 m
(2005 TE49),2017-Oct-13 18:26Ê±ÊÊÊÊ10:07,8.48 | 0.02178,3.27 | 0.00839,11.18,11.17,26.7,12 m -   27 m
(2017 TJ4),2017-Oct-13 19:24Ê±Ê< 00:01,10.15 | 0.02609,10.13 | 0.02604,7.21,7.20,25.2,24 m -   54 m
(2017 TV1),2017-Oct-14 06:40Ê±Ê< 00:01,5.59 | 0.01436,5.57 | 0.01431,10.35,10.34,26.3,15 m -   33 m
(2017 UU),2017-Oct-14 07:11Ê±Ê< 00:01,8.80 | 0.02262,8.76 | 0.02252,10.12,10.11,26.4,14 m -   31 m
(2017 UT1),2017-Oct-14 08:09Ê±Ê< 00:01,2.71 | 0.00696,2.70 | 0.00694,7.92,7.87,27.5,8.4 m -   19 m
(2017 UD),2017-Oct-14 10:46Ê±Ê< 00:01,3.91 | 0.01004,3.90 | 0.01001,15.66,15.65,25.6,20 m -   45 m
(2017 UN2),2017-Oct-14 17:05Ê±Ê< 00:01,2.38 | 0.00610,2.37 | 0.00608,6.89,6.83,28.2,6.1 m -   14 m
(2017 TS6),2017-Oct-14 18:19Ê±ÊÊÊÊ00:01,11.48 | 0.02950,11.39 | 0.02926,6.57,6.56,28.2,6.1 m -   14 m
(2017 UF),2017-Oct-15 03:23Ê±Ê< 00:01,0.99 | 0.00255,0.99 | 0.00254,23.07,23.03,27.9,7.0 m -   16 m
(2017 UK52),2017-Oct-15 06:18Ê±Ê1_00:31,6.54 | 0.01681,0.26 | 0.00067,13.48,13.47,27.2,9.9 m -   22 m
(2017 UC),2017-Oct-15 09:38Ê±Ê< 00:01,13.23 | 0.03399,13.17 | 0.03385,5.37,5.36,26.4,14 m -   31 m
(2017 UR),2017-Oct-15 11:36Ê±Ê< 00:01,4.76 | 0.01224,4.76 | 0.01223,11.23,11.21,25.1,25 m -   57 m
(2017 UD5),2017-Oct-15 16:52Ê±Ê< 00:01,13.47 | 0.03460,13.38 | 0.03439,7.07,7.06,25.9,18 m -   39 m
(2017 TK4),2017-Oct-15 22:48Ê±Ê< 00:01,4.18 | 0.01073,4.17 | 0.01072,4.19,4.13,27.9,7.0 m -   16 m
(2017 UG1),2017-Oct-16 12:04Ê±ÊÊÊÊ00:03,11.23 | 0.02886,11.13 | 0.02860,5.83,5.82,27.8,7.3 m -   16 m
(2017 TH5),2017-Oct-16 17:16Ê±Ê< 00:01,0.26 | 0.00067,0.26 | 0.00067,12.06,11.72,28.4,5.6 m -   12 m
(2017 UU1),2017-Oct-16 23:59Ê±Ê< 00:01,1.97 | 0.00506,1.97 | 0.00505,5.69,5.59,26.9,11 m -   25 m
(2017 TU3),2017-Oct-17 05:32Ê±Ê< 00:01,8.12 | 0.02087,8.07 | 0.02073,11.95,11.94,24.8,29 m -   65 m
(2017 TE5),2017-Oct-17 11:09Ê±Ê< 00:01,1.34 | 0.00343,1.34 | 0.00343,10.92,10.85,26,17 m -   38 m
(2017 UA),2017-Oct-17 15:16Ê±Ê< 00:01,1.19 | 0.00307,1.19 | 0.00306,7.98,7.87,28.5,5.3 m -   12 m
(2017 UR2),2017-Oct-17 16:32Ê±Ê< 00:01,0.83 | 0.00213,0.83 | 0.00213,10.84,10.73,27.7,7.7 m -   17 m
(2017 TW5),2017-Oct-17 19:37Ê±Ê< 00:01,3.08 | 0.00791,3.07 | 0.00788,15.51,15.49,27.2,9.7 m -   22 m
(2017 UJ3),2017-Oct-18 06:12Ê±Ê< 00:01,11.38 | 0.02925,11.28 | 0.02898,17.83,17.82,23.8,46 m -  100 m
(2017 TX5),2017-Oct-18 16:25Ê±Ê< 00:01,4.56 | 0.01172,4.55 | 0.01169,10.23,10.21,25.9,18 m -   39 m
(2017 TD5),2017-Oct-18 19:26Ê±Ê< 00:01,11.12 | 0.02858,11.02 | 0.02833,18.70,18.70,25.7,19 m -   43 m
(2017 UT5),2017-Oct-18 20:16Ê±Ê< 00:01,17.40 | 0.04471,17.31 | 0.04449,4.18,4.16,27.1,10 m -   23 m
(2006 TU7),2017-Oct-18 21:22Ê±Ê< 00:01,18.60 | 0.04780,18.60 | 0.04780,13.26,13.26,21.9,110 m -  250 m
(2017 UL5),2017-Oct-19 05:38Ê±Ê< 00:01,2.82 | 0.00726,2.80 | 0.00719,7.98,7.94,26.4,14 m -   31 m
(2017 UJ),2017-Oct-19 06:28Ê±Ê< 00:01,2.76 | 0.00709,2.75 | 0.00708,12.02,11.98,25.6,20 m -   45 m
(2017 UH5),2017-Oct-19 08:53Ê±Ê< 00:01,9.68 | 0.02487,9.64 | 0.02476,5.86,5.84,26.5,13 m -   30 m
(2017 UO5),2017-Oct-19 16:03Ê±Ê< 00:01,4.91 | 0.01262,4.90 | 0.01258,13.63,13.62,27.1,10 m -   23 m
(2017 TD6),2017-Oct-19 18:53Ê±Ê< 00:01,0.50 | 0.00128,0.50 | 0.00128,9.21,8.98,27.2,9.7 m -   22 m
(2017 TA6),2017-Oct-19 22:44Ê±Ê< 00:01,6.65 | 0.01708,6.65 | 0.01708,4.44,4.41,27.1,10 m -   23 m
(2017 UL52),2017-Oct-20 07:38Ê±ÊÊÊÊ08:27,4.01 | 0.01031,>  0.02 | 4.28e-5,6.12,6.08,28,6.7 m -   15 m
(2017 UG),2017-Oct-20 10:05Ê±Ê< 00:01,4.27 | 0.01096,4.25 | 0.01092,10.58,10.55,27.5,8.4 m -   19 m
(2017 SY20),2017-Oct-20 10:17Ê±Ê< 00:01,18.89 | 0.04853,18.88 | 0.04852,7.18,7.17,24.2,38 m -   86 m
(2017 UN5),2017-Oct-20 11:34Ê±Ê< 00:01,8.15 | 0.02094,8.11 | 0.02084,7.29,7.27,27.6,8.0 m -   18 m
(2017 UJ2),2017-Oct-20 14:07Ê±Ê< 00:01,0.05 | 0.00012,0.05 | 0.00012,8.48,5.24,30.9,1.8 m -  3.9 m
(2017 UA45),2017-Oct-20 14:32Ê±Ê< 00:01,18.58 | 0.04775,18.58 | 0.04773,4.25,4.24,26.1,16 m -   36 m
(2017 UP),2017-Oct-20 14:32Ê±Ê< 00:01,6.57 | 0.01687,6.50 | 0.01671,14.31,14.30,26.1,16 m -   36 m
(2017 TO2),2017-Oct-20 15:44Ê±Ê< 00:01,13.88 | 0.03566,13.79 | 0.03543,13.67,13.67,23.3,58 m -  130 m
(2017 SH14),2017-Oct-20 20:25Ê±Ê< 00:01,15.33 | 0.03940,15.01 | 0.03857,6.86,6.85,24.4,35 m -   78 m
(2017 UA52),2017-Oct-21 06:25Ê±ÊÊÊÊ01:00,0.51 | 0.00132,0.50 | 0.00130,9.25,9.03,28.5,5.3 m -   12 m
(2017 UH1),2017-Oct-21 07:09Ê±Ê< 00:01,4.94 | 0.01271,4.92 | 0.01264,21.87,21.86,26.1,16 m -   36 m
(2017 UW5),2017-Oct-21 08:47Ê±Ê< 00:01,1.08 | 0.00278,1.08 | 0.00277,14.86,14.80,28.7,4.8 m -   11 m
(2017 TG4),2017-Oct-21 15:07Ê±Ê< 00:01,4.80 | 0.01233,4.80 | 0.01233,11.43,11.41,24.4,35 m -   78 m
(2017 UM1),2017-Oct-21 17:48Ê±Ê< 00:01,6.95 | 0.01787,6.93 | 0.01780,17.29,17.28,25.9,18 m -   39 m
(2017 TC5),2017-Oct-21 19:28Ê±ÊÊÊÊ00:01,15.56 | 0.03999,14.98 | 0.03848,8.32,8.31,26.2,15 m -   34 m
(2017 UR5),2017-Oct-21 23:27Ê±Ê< 00:01,3.67 | 0.00943,3.67 | 0.00942,8.53,8.50,28.7,4.8 m -   11 m
(2017 UK5),2017-Oct-21 23:42Ê±Ê< 00:01,9.72 | 0.02498,9.68 | 0.02488,7.65,7.64,25.9,18 m -   39 m
(2017 UJ8),2017-Oct-22 06:40Ê±Ê< 00:01,12.49 | 0.03208,12.38 | 0.03182,13.21,13.21,25.2,24 m -   54 m
(2017 UH6),2017-Oct-22 07:24Ê±ÊÊÊÊ00:01,6.20 | 0.01593,6.16 | 0.01582,20.45,20.44,26.2,15 m -   34 m
(2017 TV5),2017-Oct-22 07:41Ê±Ê< 00:01,3.37 | 0.00865,3.36 | 0.00863,10.71,10.68,26.8,12 m -   26 m
171576 (1999 VP11),2017-Oct-22 11:02Ê±Ê< 00:01,5.77 | 0.01483,5.77 | 0.01483,21.20,21.19,18.6,510 m -  1.1 km
(2017 TQ5),2017-Oct-22 14:03Ê±Ê< 00:01,5.53 | 0.01420,5.52 | 0.01418,5.85,5.82,27.5,8.4 m -   19 m
(2017 UQ2),2017-Oct-22 16:05Ê±Ê< 00:01,5.95 | 0.01529,5.93 | 0.01524,16.16,16.15,25.7,19 m -   43 m
(2017 TQ4),2017-Oct-22 17:11Ê±Ê< 00:01,11.13 | 0.02859,11.08 | 0.02848,10.96,10.95,25,27 m -   59 m
(2017 UC3),2017-Oct-22 17:51Ê±Ê< 00:01,16.02 | 0.04117,15.78 | 0.04054,31.11,31.11,22.7,77 m -  170 m
(2017 US),2017-Oct-22 20:55Ê±Ê< 00:01,7.46 | 0.01917,7.46 | 0.01916,4.06,4.03,26,17 m -   38 m
(2017 UQ7),2017-Oct-22 21:26Ê±Ê< 00:01,5.79 | 0.01489,5.77 | 0.01483,14.50,14.49,25.2,24 m -   54 m
(2017 UZ5),2017-Oct-22 23:05Ê±ÊÊÊÊ00:01,8.15 | 0.02093,8.09 | 0.02078,4.85,4.82,26.6,13 m -   28 m
(2017 UH8),2017-Oct-23 01:55Ê±Ê< 00:01,18.97 | 0.04875,18.77 | 0.04822,11.45,11.44,24.2,38 m -   86 m
(2017 TK6),2017-Oct-23 06:45Ê±Ê< 00:01,19.26 | 0.04949,19.13 | 0.04915,11.68,11.68,24.7,31 m -   68 m
(2017 UO7),2017-Oct-23 19:00Ê±Ê< 00:01,9.18 | 0.02358,9.15 | 0.02350,5.22,5.20,26.8,12 m -   26 m
(2017 UU2),2017-Oct-24 19:18Ê±Ê< 00:01,2.10 | 0.00539,2.09 | 0.00537,11.33,11.29,26.4,14 m -   31 m
(2017 UK3),2017-Oct-24 21:09Ê±Ê< 00:01,1.38 | 0.00356,1.38 | 0.00355,13.31,13.25,27.4,8.8 m -   20 m
(2017 UP5),2017-Oct-24 21:48Ê±Ê< 00:01,6.45 | 0.01659,6.44 | 0.01654,10.20,10.19,27.6,8.0 m -   18 m
(2017 UF43),2017-Oct-25 01:55Ê±Ê< 00:01,12.17 | 0.03128,12.08 | 0.03105,13.80,13.79,23.5,53 m -  120 m
(2017 UH),2017-Oct-25 16:22Ê±Ê< 00:01,15.05 | 0.03866,14.88 | 0.03824,10.96,10.95,26.2,15 m -   34 m
(2017 UE3),2017-Oct-25 16:30Ê±Ê< 00:01,4.66 | 0.01197,4.64 | 0.01192,15.11,15.10,25.5,21 m -   47 m
(2017 UG6),2017-Oct-25 16:41Ê±Ê< 00:01,13.91 | 0.03574,13.85 | 0.03560,6.89,6.88,25.3,23 m -   52 m
(2017 UG3),2017-Oct-25 20:39Ê±Ê< 00:01,12.32 | 0.03164,12.22 | 0.03139,5.34,5.32,27.2,9.7 m -   22 m
(2017 TL4),2017-Oct-25 20:47Ê±Ê< 00:01,14.61 | 0.03753,14.56 | 0.03741,11.39,11.39,24.4,35 m -   78 m
(2017 UJ5),2017-Oct-26 02:51Ê±Ê< 00:01,18.66 | 0.04794,18.61 | 0.04781,6.24,6.24,24.7,31 m -   68 m
(2017 UW7),2017-Oct-26 05:54Ê±Ê< 00:01,4.95 | 0.01272,4.94 | 0.01269,12.03,12.01,27.6,8.0 m -   18 m
(2017 UP43),2017-Oct-27 01:57Ê±Ê< 00:01,1.17 | 0.00301,1.17 | 0.00300,7.96,7.85,26.4,14 m -   31 m
(2017 UN43),2017-Oct-27 12:09Ê±Ê< 00:01,4.89 | 0.01257,4.86 | 0.01248,16.42,16.40,26,17 m -   38 m
(2017 UM5),2017-Oct-27 15:57Ê±Ê< 00:01,5.96 | 0.01532,5.95 | 0.01528,17.05,17.04,25.6,20 m -   45 m
(2017 UK44),2017-Oct-27 21:16Ê±Ê< 00:01,13.01 | 0.03343,12.97 | 0.03332,10.16,10.15,25.1,25 m -   57 m
(2017 UB6),2017-Oct-28 02:19Ê±Ê< 00:01,12.32 | 0.03167,12.25 | 0.03148,7.53,7.52,27.2,9.7 m -   22 m
(2017 UK6),2017-Oct-28 08:14Ê±Ê< 00:01,11.78 | 0.03027,11.78 | 0.03027,14.71,14.71,24,42 m -   94 m
(2017 UP7),2017-Oct-28 08:57Ê±Ê< 00:01,12.73 | 0.03271,12.64 | 0.03249,12.83,12.83,25.9,18 m -   39 m
(2017 UL6),2017-Oct-28 11:24Ê±Ê< 00:01,0.16 | 0.00040,0.15 | 0.00040,8.03,7.14,32,1.1 m -  2.4 m
(2017 VA),2017-Oct-28 19:37Ê±Ê< 00:01,2.90 | 0.00746,2.89 | 0.00744,12.43,12.40,24.2,38 m -   86 m
(2017 UV7),2017-Oct-29 03:56Ê±Ê< 00:01,6.11 | 0.01569,6.10 | 0.01567,12.49,12.48,26.5,13 m -   30 m
(2017 UA6),2017-Oct-29 04:17Ê±Ê< 00:01,3.99 | 0.01025,3.98 | 0.01023,14.97,14.95,25.7,19 m -   43 m
(2017 UL8),2017-Oct-30 03:27Ê±Ê< 00:01,1.16 | 0.00298,1.16 | 0.00297,10.50,10.42,28.1,6.4 m -   14 m
(2017 UK8),2017-Oct-30 05:18Ê±Ê< 00:01,0.59 | 0.00151,0.59 | 0.00151,14.07,13.95,28.2,6.1 m -   14 m
(2017 VL13),2017-Oct-30 09:36Ê±ÊÊÊÊ00:26,15.82 | 0.04065,15.50 | 0.03982,13.51,13.51,24.7,31 m -   68 m
(2017 UL43),2017-Oct-30 16:47Ê±ÊÊÊÊ00:01,14.14 | 0.03633,14.02 | 0.03603,10.43,10.43,26.3,15 m -   33 m
(2017 VJ),2017-Oct-30 17:26Ê±Ê< 00:01,2.30 | 0.00591,2.30 | 0.00590,11.73,11.70,24.5,33 m -   75 m
(2017 UJ6),2017-Oct-30 20:22Ê±Ê< 00:01,5.49 | 0.01412,5.47 | 0.01406,11.33,11.31,26.6,13 m -   28 m
(2017 UO43),2017-Oct-31 00:41Ê±ÊÊÊÊ00:03,6.58 | 0.01691,6.55 | 0.01683,5.67,5.64,27.9,7.0 m -   16 m
(2017 TZ4),2017-Oct-31 01:39Ê±Ê< 00:01,19.27 | 0.04951,19.09 | 0.04904,13.10,13.09,22.9,70 m -  160 m
503941 (2003 UV11),2017-Oct-31 03:01Ê±Ê< 00:01,14.97 | 0.03847,14.97 | 0.03847,24.52,24.52,19.5,330 m -  750 m
(2017 UP6),2017-Oct-31 08:02Ê±Ê< 00:01,15.03 | 0.03862,14.93 | 0.03838,11.59,11.58,26.1,16 m -   36 m
(2017 UO2),2017-Oct-31 10:07Ê±Ê< 00:01,10.98 | 0.02822,10.92 | 0.02807,8.69,8.68,25.8,18 m -   41 m
(2017 VG13),2017-Nov-01 17:02Ê±Ê< 00:01,17.08 | 0.04389,17.01 | 0.04372,4.89,4.87,26.7,12 m -   27 m
(2017 WQ12),2017-Nov-01 18:36Ê±ÊÊÊÊ00:05,14.64 | 0.03762,14.48 | 0.03721,12.28,12.27,25.3,23 m -   52 m
(2017 UD43),2017-Nov-01 19:45Ê±Ê< 00:01,4.68 | 0.01203,4.67 | 0.01199,8.82,8.80,28.4,5.6 m -   12 m
(2017 VD),2017-Nov-02 01:10Ê±Ê< 00:01,9.90 | 0.02545,9.90 | 0.02544,27.58,27.58,20.8,180 m -  410 m
(2017 VW13),2017-Nov-03 04:26Ê±Ê< 00:01,10.97 | 0.02819,10.97 | 0.02819,10.64,10.63,20.7,190 m -  430 m
(2017 WN13),2017-Nov-03 18:45Ê±ÊÊÊÊ00:10,18.82 | 0.04835,18.54 | 0.04763,20.61,20.61,22.7,77 m -  170 m
(2017 UL44),2017-Nov-03 19:46Ê±Ê< 00:01,13.29 | 0.03415,13.23 | 0.03401,15.37,15.36,23.8,46 m -  100 m
(2017 VE),2017-Nov-04 05:13Ê±Ê< 00:01,0.88 | 0.00227,0.88 | 0.00227,14.08,13.99,26.6,13 m -   28 m
(2017 VG1),2017-Nov-04 13:18Ê±Ê< 00:01,7.72 | 0.01983,7.71 | 0.01982,7.06,7.04,24.2,38 m -   86 m
(2017 UX42),2017-Nov-05 01:40Ê±Ê< 00:01,10.44 | 0.02682,10.36 | 0.02663,2.60,2.56,28.5,5.3 m -   12 m
(2017 US7),2017-Nov-05 06:03Ê±ÊÊÊÊ00:07,7.05 | 0.01812,6.96 | 0.01788,8.77,8.76,27,11 m -   24 m
(2017 UJ7),2017-Nov-05 09:58Ê±Ê< 00:01,16.72 | 0.04295,16.65 | 0.04279,13.03,13.02,25.4,22 m -   49 m
(2017 UJ43),2017-Nov-05 11:04Ê±Ê< 00:01,4.54 | 0.01166,4.51 | 0.01160,7.29,7.26,27.7,7.7 m -   17 m
(2017 VL1),2017-Nov-05 17:04Ê±Ê< 00:01,3.39 | 0.00872,3.37 | 0.00866,10.16,10.13,26.5,13 m -   30 m
(2013 BD74),2017-Nov-06 05:24Ê±Ê< 00:01,10.54 | 0.02709,10.54 | 0.02709,9.04,9.03,24.2,38 m -   86 m
(2017 VB15),2017-Nov-07 01:02Ê±Ê< 00:01,12.96 | 0.03330,12.84 | 0.03300,9.13,9.12,25.7,19 m -   43 m
(2017 VU12),2017-Nov-08 08:56Ê±Ê< 00:01,7.34 | 0.01887,7.31 | 0.01879,10.82,10.81,27.1,10 m -   23 m
(2017 WR1),2017-Nov-08 09:12Ê±ÊÊÊÊ00:11,6.97 | 0.01792,6.81 | 0.01751,10.35,10.34,26.2,15 m -   34 m
(2017 VZ13),2017-Nov-09 01:08Ê±Ê< 00:01,6.88 | 0.01769,6.85 | 0.01761,4.74,4.71,27.9,7.0 m -   16 m
(2017 VL2),2017-Nov-09 09:50Ê±Ê< 00:01,0.31 | 0.00079,0.31 | 0.00079,8.73,8.34,26.1,16 m -   36 m
(2017 VF15),2017-Nov-09 15:19Ê±Ê< 00:01,14.00 | 0.03597,13.87 | 0.03563,11.47,11.46,26.4,14 m -   31 m
(2017 TZ3),2017-Nov-09 21:39Ê±Ê< 00:01,10.28 | 0.02642,10.27 | 0.02640,8.69,8.68,24.7,31 m -   68 m
(2017 WD13),2017-Nov-10 09:09Ê±ÊÊÊÊ00:05,12.32 | 0.03167,12.05 | 0.03098,21.25,21.24,24.4,35 m -   78 m
(2017 VH13),2017-Nov-10 12:07Ê±Ê< 00:01,14.97 | 0.03847,14.86 | 0.03819,6.46,6.45,27.2,9.7 m -   22 m
(2017 WT),2017-Nov-10 17:36Ê±ÊÊÊÊ00:03,1.35 | 0.00346,1.34 | 0.00343,15.43,15.38,25.8,18 m -   41 m
(2017 VC),2017-Nov-10 22:58Ê±Ê< 00:01,9.90 | 0.02543,9.89 | 0.02542,7.30,7.29,23.2,61 m -  140 m
(2017 WW13),2017-Nov-11 03:07Ê±Ê< 00:01,18.70 | 0.04805,18.62 | 0.04785,7.41,7.40,24.9,28 m -   62 m
(2017 VD15),2017-Nov-11 07:22Ê±Ê< 00:01,16.52 | 0.04245,16.46 | 0.04229,5.71,5.70,25.8,18 m -   41 m
(2017 WO2),2017-Nov-11 10:00Ê±ÊÊÊÊ00:12,2.59 | 0.00665,2.55 | 0.00655,11.28,11.24,26.6,13 m -   28 m
(2017 VZ1),2017-Nov-11 11:46Ê±Ê< 00:01,8.65 | 0.02222,8.61 | 0.02213,11.99,11.98,26,17 m -   38 m
(2017 VE14),2017-Nov-11 17:09Ê±Ê< 00:01,6.70 | 0.01721,6.67 | 0.01714,9.76,9.74,27.9,7.0 m -   16 m
(2017 VE2),2017-Nov-12 06:09Ê±Ê< 00:01,7.16 | 0.01841,7.15 | 0.01838,13.96,13.95,25.1,25 m -   57 m
(2017 WN1),2017-Nov-12 13:38Ê±Ê< 00:01,18.60 | 0.04780,18.47 | 0.04746,20.18,20.18,24,42 m -   94 m
(2017 WM13),2017-Nov-12 15:07Ê±Ê< 00:01,7.05 | 0.01812,7.03 | 0.01807,3.45,3.41,27.6,8.0 m -   18 m
(2017 WJ13),2017-Nov-12 17:49Ê±Ê< 00:01,6.10 | 0.01568,6.10 | 0.01567,10.99,10.97,22.6,80 m -  180 m
(2017 XS2),2017-Nov-13 04:21Ê±ÊÊÊÊ00:03,13.41 | 0.03446,13.41 | 0.03445,4.16,4.14,26,17 m -   38 m
(2017 WD),2017-Nov-13 11:54Ê±ÊÊÊÊ00:03,1.86 | 0.00478,1.85 | 0.00476,10.67,10.62,28,6.7 m -   15 m
(2017 VM13),2017-Nov-13 13:47Ê±Ê< 00:01,17.48 | 0.04493,17.47 | 0.04489,7.95,7.94,24.1,40 m -   90 m
(2017 WJ16),2017-Nov-13 14:23Ê±Ê< 00:01,7.73 | 0.01986,7.72 | 0.01983,5.20,5.17,24.3,37 m -   82 m
(2017 VF14),2017-Nov-13 15:30Ê±Ê< 00:01,0.80 | 0.00204,0.79 | 0.00204,11.92,11.81,28.4,5.6 m -   12 m
(2017 VA14),2017-Nov-14 00:44Ê±Ê< 00:01,18.01 | 0.04628,17.89 | 0.04597,7.53,7.52,25.6,20 m -   45 m
(2017 VB13),2017-Nov-14 13:31Ê±Ê< 00:01,11.11 | 0.02855,11.07 | 0.02844,11.36,11.35,25.5,21 m -   47 m
(2017 VV12),2017-Nov-15 15:13Ê±Ê< 00:01,1.86 | 0.00477,1.86 | 0.00477,6.52,6.44,28,6.7 m -   15 m
(2017 VM2),2017-Nov-15 18:41Ê±Ê< 00:01,17.82 | 0.04578,17.77 | 0.04567,8.90,8.89,23.3,58 m -  130 m
(2017 WB),2017-Nov-15 19:40Ê±Ê< 00:01,7.36 | 0.01891,7.35 | 0.01889,8.83,8.81,25.3,23 m -   52 m
(2017 VN13),2017-Nov-15 20:29Ê±Ê< 00:01,2.97 | 0.00763,2.96 | 0.00762,8.92,8.88,27.9,7.0 m -   16 m
(2017 WC28),2017-Nov-15 23:18Ê±Ê< 00:01,14.14 | 0.03634,14.07 | 0.03616,12.20,12.19,24.5,33 m -   75 m
(2017 WZ12),2017-Nov-17 14:36Ê±Ê< 00:01,14.86 | 0.03819,14.80 | 0.03802,5.00,4.99,26.9,11 m -   25 m
(2017 WO13),2017-Nov-17 18:25Ê±Ê< 00:01,6.43 | 0.01653,6.41 | 0.01647,12.14,12.12,26.8,12 m -   26 m
(2018 KC2),2017-Nov-17 18:51Ê±ÊÊÊÊ00:08,18.89 | 0.04853,18.88 | 0.04851,5.62,5.61,22.8,73 m -  160 m
(2017 WF29),2017-Nov-17 18:56Ê±ÊÊÊÊ01:17,11.26 | 0.02894,11.14 | 0.02862,12.26,12.26,26.2,15 m -   34 m
444584 (2006 UK),2017-Nov-17 21:09Ê±Ê< 00:01,8.66 | 0.02226,8.66 | 0.02226,14.80,14.79,20.2,240 m -  540 m
(2017 VC14),2017-Nov-18 01:45Ê±Ê< 00:01,1.25 | 0.00322,1.25 | 0.00322,11.19,11.12,28.4,5.6 m -   12 m
(2017 UC52),2017-Nov-18 10:48Ê±ÊÊÊÊ18:20,19.42 | 0.04991,17.27 | 0.04438,14.70,14.70,24.3,37 m -   83 m
(2017 WU1),2017-Nov-18 14:39Ê±Ê< 00:01,3.01 | 0.00773,3.01 | 0.00772,7.44,7.39,26.9,11 m -   25 m
(2017 VN2),2017-Nov-18 14:47Ê±Ê< 00:01,6.16 | 0.01583,6.15 | 0.01579,4.88,4.85,27.4,8.8 m -   20 m
(2017 WT1),2017-Nov-18 22:15Ê±Ê< 00:01,14.83 | 0.03810,14.79 | 0.03799,9.85,9.85,24.9,28 m -   62 m
(2017 WM16),2017-Nov-19 01:23Ê±ÊÊÊÊ00:01,15.87 | 0.04079,15.67 | 0.04026,5.93,5.91,26.8,12 m -   26 m
(2017 WE),2017-Nov-19 03:06Ê±Ê< 00:01,11.69 | 0.03005,11.62 | 0.02985,15.90,15.89,26.7,12 m -   27 m
(2017 WG29),2017-Nov-20 01:38Ê±ÊÊÊÊ01:54,6.72 | 0.01725,6.25 | 0.01607,15.60,15.59,26.3,15 m -   33 m
(2017 WC),2017-Nov-20 02:43Ê±Ê< 00:01,2.94 | 0.00755,2.94 | 0.00755,7.59,7.55,25.8,18 m -   41 m
(2017 WO15),2017-Nov-20 04:05Ê±ÊÊÊÊ00:03,3.51 | 0.00901,3.48 | 0.00895,12.71,12.68,26.5,13 m -   30 m
(2017 WL15),2017-Nov-20 12:16Ê±Ê< 00:01,9.48 | 0.02437,9.41 | 0.02419,17.91,17.91,25.8,18 m -   41 m
(2017 WB28),2017-Nov-20 12:21Ê±ÊÊÊÊ00:03,6.40 | 0.01644,6.36 | 0.01634,16.03,16.02,26.2,15 m -   34 m
(2017 WB1),2017-Nov-20 18:08Ê±Ê< 00:01,1.98 | 0.00509,1.98 | 0.00509,9.35,9.30,27.7,7.7 m -   17 m
(2017 WV1),2017-Nov-21 06:25Ê±Ê< 00:01,2.58 | 0.00664,2.58 | 0.00663,7.39,7.33,28.4,5.6 m -   12 m
(2017 WY27),2017-Nov-21 11:39Ê±ÊÊÊÊ00:02,3.65 | 0.00937,3.64 | 0.00934,8.32,8.29,27.9,7.0 m -   16 m
(2017 WW1),2017-Nov-21 19:18Ê±Ê< 00:01,0.37 | 0.00094,0.37 | 0.00094,12.66,12.44,29.7,3.1 m -  6.8 m
(2017 WA14),2017-Nov-21 19:53Ê±Ê< 00:01,0.25 | 0.00063,0.25 | 0.00063,16.39,16.13,27.4,8.8 m -   20 m
(2017 WK16),2017-Nov-22 06:04Ê±Ê< 00:01,7.85 | 0.02016,7.73 | 0.01986,30.83,30.82,26,17 m -   38 m
(2017 WA28),2017-Nov-22 06:55Ê±ÊÊÊÊ00:01,8.99 | 0.02310,8.93 | 0.02294,21.12,21.12,26.4,14 m -   31 m
(2017 VD13),2017-Nov-22 11:31Ê±Ê< 00:01,13.12 | 0.03371,12.99 | 0.03339,16.38,16.37,25,27 m -   59 m
(2017 VA15),2017-Nov-22 15:58Ê±Ê< 00:01,8.04 | 0.02067,8.03 | 0.02064,6.43,6.41,25.1,25 m -   57 m
(2017 WP16),2017-Nov-22 17:39Ê±ÊÊÊÊ00:12,14.23 | 0.03656,14.14 | 0.03633,7.16,7.15,27.5,8.4 m -   19 m
(2017 WR15),2017-Nov-23 06:27Ê±Ê< 00:01,14.90 | 0.03828,14.75 | 0.03791,24.47,24.47,24.6,32 m -   71 m
(2017 WE28),2017-Nov-24 04:44Ê±Ê< 00:01,5.75 | 0.01477,5.72 | 0.01469,9.27,9.25,26.8,12 m -   26 m
(2017 VZ14),2017-Nov-24 11:40Ê±Ê< 00:01,3.18 | 0.00817,3.17 | 0.00816,8.39,8.35,25.1,25 m -   57 m
(2017 XK2),2017-Nov-24 19:34Ê±ÊÊÊÊ00:04,15.28 | 0.03927,14.94 | 0.03839,9.96,9.95,25.8,18 m -   41 m
(2017 WL28),2017-Nov-24 22:00Ê±Ê< 00:01,1.68 | 0.00431,1.67 | 0.00430,7.85,7.77,27.6,8.0 m -   18 m
(2017 WT28),2017-Nov-25 10:47Ê±Ê< 00:01,1.39 | 0.00357,1.39 | 0.00356,4.55,4.39,28.1,6.4 m -   14 m
(2017 WZ13),2017-Nov-25 12:49Ê±Ê< 00:01,6.91 | 0.01775,6.89 | 0.01770,11.04,11.03,26.4,14 m -   31 m
(2017 WT12),2017-Nov-25 17:00Ê±Ê< 00:01,2.95 | 0.00759,2.95 | 0.00757,14.71,14.68,27.1,10 m -   23 m
(2017 VY13),2017-Nov-25 21:13Ê±Ê< 00:01,2.02 | 0.00519,2.02 | 0.00518,10.50,10.45,26.4,14 m -   31 m
(2017 WH13),2017-Nov-26 05:45Ê±Ê< 00:01,1.74 | 0.00447,1.74 | 0.00446,11.43,11.37,26.7,12 m -   27 m
(2017 WQ13),2017-Nov-26 08:41Ê±Ê< 00:01,12.67 | 0.03255,12.62 | 0.03243,9.51,9.50,26.2,15 m -   34 m
(2017 WE30),2017-Nov-26 17:55Ê±Ê< 00:01,0.08 | 0.00020,0.08 | 0.00020,18.49,17.76,31.9,1.1 m -  2.5 m
(2017 WO16),2017-Nov-26 17:58Ê±Ê< 00:01,10.57 | 0.02716,10.38 | 0.02668,7.57,7.56,25,27 m -   59 m
(2017 WC14),2017-Nov-27 01:20Ê±Ê< 00:01,7.30 | 0.01877,7.28 | 0.01870,11.14,11.13,25.6,20 m -   45 m
(2017 WK15),2017-Nov-27 03:42Ê±Ê< 00:01,8.73 | 0.02244,8.70 | 0.02236,5.63,5.61,26.7,12 m -   27 m
(2017 WK1),2017-Nov-28 02:02Ê±Ê< 00:01,7.78 | 0.01998,7.75 | 0.01991,8.05,8.03,27,11 m -   24 m
(2017 WD28),2017-Nov-28 21:24Ê±Ê< 00:01,4.45 | 0.01143,4.44 | 0.01141,13.33,13.32,25.7,19 m -   43 m
(2017 WF16),2017-Nov-29 03:47Ê±Ê< 00:01,3.72 | 0.00955,3.71 | 0.00954,4.17,4.10,29.1,4.0 m -  9.0 m
(2017 WN15),2017-Nov-29 04:04Ê±Ê< 00:01,7.37 | 0.01894,7.29 | 0.01873,19.37,19.36,24.8,29 m -   65 m
(2017 WH2),2017-Nov-30 11:02Ê±Ê< 00:01,6.39 | 0.01642,6.36 | 0.01635,16.76,16.75,24.3,37 m -   82 m
(2008 WM61),2017-Dec-02 11:52Ê±Ê< 00:01,3.67 | 0.00942,3.67 | 0.00942,4.70,4.64,26.6,13 m -   28 m
(2017 WH16),2017-Dec-03 05:36Ê±Ê< 00:01,17.34 | 0.04455,17.05 | 0.04382,15.21,15.21,25.7,19 m -   43 m
(2017 WZ27),2017-Dec-03 14:59Ê±ÊÊÊÊ00:08,13.56 | 0.03484,13.49 | 0.03468,4.24,4.22,27.6,8.0 m -   18 m
(2017 XE1),2017-Dec-04 13:47Ê±Ê< 00:01,7.81 | 0.02008,7.72 | 0.01984,20.58,20.57,25.8,18 m -   41 m
(2017 WS13),2017-Dec-05 13:36Ê±Ê< 00:01,9.45 | 0.02428,9.35 | 0.02402,11.30,11.29,24.6,32 m -   71 m
(2017 XN60),2017-Dec-05 23:09Ê±Ê< 00:01,3.11 | 0.00798,3.10 | 0.00797,7.13,7.08,25.6,20 m -   45 m
(2017 WF28),2017-Dec-06 21:02Ê±ÊÊÊÊ00:01,17.58 | 0.04519,17.42 | 0.04475,7.56,7.55,26.3,15 m -   33 m
(2017 YU8),2017-Dec-07 19:33Ê±Ê3_01:06,17.13 | 0.04401,11.43 | 0.02937,7.95,7.94,25.7,19 m -   44 m
(2017 XE),2017-Dec-07 23:21Ê±Ê< 00:01,3.96 | 0.01019,3.96 | 0.01018,6.21,6.17,26,17 m -   38 m
(2017 XS),2017-Dec-08 04:29Ê±Ê< 00:01,7.39 | 0.01898,7.38 | 0.01897,10.56,10.55,22.7,77 m -  170 m
(2017 WV12),2017-Dec-09 21:42Ê±Ê< 00:01,3.43 | 0.00882,3.42 | 0.00879,10.60,10.57,25.4,22 m -   49 m
(2017 XU61),2017-Dec-09 22:41Ê±ÊÊÊÊ00:01,10.64 | 0.02735,10.55 | 0.02712,13.85,13.84,26.3,15 m -   33 m
(2017 XZ2),2017-Dec-10 00:13Ê±ÊÊÊÊ00:02,3.89 | 0.01000,3.87 | 0.00996,8.21,8.18,27.3,9.2 m -   21 m
(2017 XE2),2017-Dec-10 18:26Ê±Ê< 00:01,11.03 | 0.02835,10.99 | 0.02824,9.94,9.93,25.3,23 m -   52 m
(2017 YB2),2017-Dec-11 00:46Ê±Ê< 00:01,17.44 | 0.04482,17.22 | 0.04424,7.23,7.22,24.9,28 m -   62 m
(2017 YB1),2017-Dec-11 06:01Ê±ÊÊÊÊ00:03,9.31 | 0.02392,9.19 | 0.02362,7.81,7.80,26.9,11 m -   25 m
(2017 XS60),2017-Dec-12 04:47Ê±Ê< 00:01,12.76 | 0.03278,12.69 | 0.03261,19.14,19.13,26.2,15 m -   34 m
(2017 WE13),2017-Dec-12 06:42Ê±Ê< 00:01,16.27 | 0.04181,16.24 | 0.04173,5.34,5.33,25.5,21 m -   47 m
(2017 VS14),2017-Dec-12 07:33Ê±Ê< 00:01,15.78 | 0.04056,15.78 | 0.04054,2.81,2.78,26.8,12 m -   26 m
(2017 XU60),2017-Dec-13 04:50Ê±Ê< 00:01,8.98 | 0.02307,8.95 | 0.02299,10.17,10.16,27.1,10 m -   23 m
(2017 WJ28),2017-Dec-13 06:03Ê±Ê< 00:01,12.80 | 0.03289,12.78 | 0.03283,6.02,6.01,26.1,16 m -   36 m
(2017 XZ61),2017-Dec-13 17:56Ê±Ê< 00:01,3.89 | 0.01000,3.88 | 0.00996,17.70,17.69,24.9,28 m -   62 m
(2015 XX169),2017-Dec-14 00:07Ê±Ê< 00:01,9.71 | 0.02494,9.71 | 0.02494,6.25,6.23,27.4,8.8 m -   20 m
(2006 XY),2017-Dec-14 12:50Ê±Ê< 00:01,3.35 | 0.00860,3.35 | 0.00860,4.88,4.81,24.2,38 m -   86 m
(2017 YR8),2017-Dec-14 13:55Ê±ÊÊÊÊ00:10,12.59 | 0.03234,12.14 | 0.03120,12.80,12.80,24,42 m -   94 m
(2017 XY2),2017-Dec-15 06:33Ê±Ê< 00:01,4.51 | 0.01159,4.49 | 0.01155,8.17,8.15,27.1,10 m -   23 m
(2017 XK1),2017-Dec-15 07:55Ê±Ê< 00:01,6.14 | 0.01578,6.12 | 0.01571,12.23,12.22,25.2,24 m -   54 m
(2017 YM1),2017-Dec-15 12:44Ê±ÊÊÊÊ00:01,1.52 | 0.00390,1.50 | 0.00386,11.14,11.08,25.2,24 m -   54 m
(2017 XR2),2017-Dec-15 14:18Ê±Ê< 00:01,12.13 | 0.03116,12.09 | 0.03105,9.46,9.45,24.5,33 m -   75 m
(2017 XD2),2017-Dec-15 17:12Ê±Ê< 00:01,14.36 | 0.03689,14.22 | 0.03654,12.28,12.27,23.5,53 m -  120 m
(2017 YD1),2017-Dec-15 22:53Ê±Ê< 00:01,1.77 | 0.00455,1.77 | 0.00454,2.99,2.79,30,2.7 m -  5.9 m
(2017 VT14),2017-Dec-17 01:57Ê±Ê< 00:01,3.83 | 0.00985,3.83 | 0.00985,10.42,10.39,23.1,64 m -  140 m
(2017 YE1),2017-Dec-17 06:33Ê±Ê< 00:01,16.28 | 0.04184,16.21 | 0.04166,6.18,6.17,24.9,28 m -   62 m
(2017 YV8),2017-Dec-17 13:47Ê±Ê< 00:01,2.41 | 0.00619,2.41 | 0.00619,7.81,7.75,27.3,9.2 m -   21 m
(2017 XT60),2017-Dec-17 22:00Ê±Ê< 00:01,7.93 | 0.02037,7.91 | 0.02033,7.03,7.01,27.4,8.8 m -   20 m
(2017 XW60),2017-Dec-18 00:11Ê±Ê< 00:01,5.16 | 0.01326,5.14 | 0.01320,8.77,8.75,27.9,7.0 m -   16 m
(2017 YH1),2017-Dec-18 00:27Ê±Ê< 00:01,2.38 | 0.00613,2.38 | 0.00613,14.57,14.54,21.1,160 m -  360 m
(2017 YJ1),2017-Dec-18 03:55Ê±Ê< 00:01,1.04 | 0.00268,1.04 | 0.00267,10.27,10.17,27.4,8.8 m -   20 m
(2017 XW61),2017-Dec-18 04:33Ê±Ê< 00:01,3.11 | 0.00800,3.11 | 0.00799,11.72,11.69,25.5,21 m -   47 m
(2017 YL1),2017-Dec-18 12:23Ê±Ê< 00:01,7.66 | 0.01967,7.61 | 0.01955,14.42,14.41,24.8,29 m -   65 m
(2017 XX61),2017-Dec-18 14:50Ê±Ê< 00:01,8.16 | 0.02096,8.12 | 0.02087,15.59,15.58,26.6,13 m -   28 m
(2017 XY61),2017-Dec-19 09:41Ê±Ê< 00:01,2.51 | 0.00645,2.50 | 0.00643,13.86,13.83,26.2,15 m -   34 m
(2017 YW3),2017-Dec-19 17:50Ê±Ê< 00:01,4.84 | 0.01243,4.83 | 0.01242,2.90,2.82,26.5,13 m -   30 m
(2011 YD29),2017-Dec-19 18:46Ê±Ê1_14:02,17.56 | 0.04513,8.78 | 0.02257,7.70,7.69,26.3,15 m -   33 m
(2017 YN1),2017-Dec-20 01:54Ê±Ê< 00:01,8.37 | 0.02150,8.33 | 0.02139,8.09,8.07,26.1,16 m -   36 m
(2017 YT1),2017-Dec-20 04:25Ê±Ê< 00:01,8.01 | 0.02058,7.97 | 0.02047,21.06,21.05,24.8,29 m -   65 m
(2017 YP1),2017-Dec-20 14:20Ê±Ê< 00:01,5.65 | 0.01452,5.62 | 0.01445,13.55,13.54,25.7,19 m -   43 m
(2017 YO3),2017-Dec-20 14:35Ê±Ê< 00:01,2.08 | 0.00534,2.07 | 0.00533,8.23,8.17,28.2,6.1 m -   14 m
(2017 YC6),2017-Dec-20 16:16Ê±ÊÊÊÊ00:02,9.61 | 0.02469,9.51 | 0.02443,14.61,14.61,25.9,18 m -   39 m
(2017 WX12),2017-Dec-21 05:53Ê±Ê< 00:01,10.01 | 0.02571,10.01 | 0.02571,11.41,11.40,22.1,100 m -  230 m
(2017 XR60),2017-Dec-21 09:01Ê±Ê< 00:01,12.96 | 0.03330,12.95 | 0.03327,6.16,6.15,24.7,31 m -   68 m
(2017 XQ60),2017-Dec-21 09:37Ê±Ê< 00:01,13.35 | 0.03431,13.26 | 0.03406,15.72,15.71,24.4,35 m -   78 m
(2017 YO5),2017-Dec-21 23:21Ê±Ê< 00:01,1.43 | 0.00367,1.42 | 0.00365,7.38,7.28,26.1,16 m -   36 m
(2017 YF8),2017-Dec-22 03:27Ê±ÊÊÊÊ00:03,5.83 | 0.01498,5.79 | 0.01488,7.46,7.44,25.8,18 m -   41 m
(2017 YE),2017-Dec-22 08:36Ê±Ê< 00:01,2.88 | 0.00740,2.88 | 0.00740,4.70,4.63,28.6,5.1 m -   11 m
(2017 TS3),2017-Dec-22 09:57Ê±Ê< 00:01,18.07 | 0.04643,18.07 | 0.04643,10.24,10.23,22.1,100 m -  230 m
418849 (2008 WM64),2017-Dec-22 10:15Ê±Ê< 00:01,15.25 | 0.03918,15.25 | 0.03918,17.38,17.38,20.6,200 m -  450 m
(2015 YQ1),2017-Dec-22 14:28Ê±ÊÊÊÊ00:24,17.23 | 0.04427,16.29 | 0.04186,11.12,11.12,28,6.7 m -   15 m
(2017 YW),2017-Dec-22 19:07Ê±Ê< 00:01,7.90 | 0.02031,7.87 | 0.02023,8.26,8.24,26.7,12 m -   27 m
(2017 YE8),2017-Dec-22 19:44Ê±Ê< 00:01,10.08 | 0.02589,10.03 | 0.02578,13.52,13.51,25.5,21 m -   47 m
(2017 YK5),2017-Dec-24 06:34Ê±Ê< 00:01,13.73 | 0.03527,13.67 | 0.03514,13.12,13.11,24.1,40 m -   90 m
(2017 YH7),2017-Dec-24 07:19Ê±Ê< 00:01,16.37 | 0.04206,15.91 | 0.04088,13.82,13.82,24.8,29 m -   65 m
(2017 YL14),2017-Dec-24 13:14Ê±ÊÊÊÊ00:01,4.49 | 0.01153,4.46 | 0.01147,6.50,6.46,28.1,6.3 m -   14 m
(2017 YK14),2017-Dec-24 14:07Ê±ÊÊÊÊ09:48,1.90 | 0.00489,0.19 | 0.00048,3.01,2.82,28.5,5.2 m -   12 m
(2017 YS1),2017-Dec-24 16:45Ê±Ê< 00:01,1.93 | 0.00497,1.93 | 0.00496,3.38,3.22,28.9,4.4 m -  9.9 m
(2017 WZ14),2017-Dec-24 21:18Ê±Ê< 00:01,7.62 | 0.01957,7.61 | 0.01954,4.91,4.88,25.1,25 m -   57 m
(2017 YR3),2017-Dec-25 13:39Ê±Ê< 00:01,8.47 | 0.02175,8.46 | 0.02173,6.52,6.50,25.3,23 m -   52 m
(2017 YM14),2017-Dec-25 16:01Ê±ÊÊÊÊ00:07,1.52 | 0.00390,1.50 | 0.00387,18.81,18.77,27.7,7.5 m -   17 m
(2017 YR4),2017-Dec-25 18:07Ê±Ê< 00:01,18.30 | 0.04702,18.25 | 0.04688,6.71,6.70,24.4,35 m -   78 m
(2017 YQ1),2017-Dec-26 13:25Ê±Ê< 00:01,5.13 | 0.01318,5.10 | 0.01311,21.11,21.10,24.6,32 m -   71 m
(2017 YV4),2017-Dec-26 13:58Ê±ÊÊÊÊ00:02,17.26 | 0.04436,17.08 | 0.04390,9.02,9.01,24.8,29 m -   65 m
(2018 BH1),2017-Dec-26 14:13Ê±ÊÊÊÊ00:12,6.52 | 0.01675,6.40 | 0.01644,12.97,12.96,24.9,28 m -   62 m
(2018 AY),2017-Dec-26 16:45Ê±Ê< 00:01,16.86 | 0.04332,16.78 | 0.04311,13.48,13.47,23.2,61 m -  140 m
(2017 YQ6),2017-Dec-27 02:21Ê±Ê< 00:01,1.89 | 0.00484,1.88 | 0.00483,12.34,12.29,28,6.7 m -   15 m
(2017 YD2),2017-Dec-27 02:41Ê±ÊÊÊÊ00:01,2.24 | 0.00575,2.23 | 0.00574,8.34,8.28,28.7,4.8 m -   11 m
(2017 YZ4),2017-Dec-28 15:50Ê±Ê< 00:01,0.58 | 0.00149,0.58 | 0.00149,9.57,9.38,28.1,6.4 m -   14 m
(2018 BG11),2017-Dec-28 18:11Ê±Ê1_01:03,8.60 | 0.02210,6.16 | 0.01583,4.37,4.34,27.3,9.1 m -   20 m
(2017 YB6),2017-Dec-29 00:53Ê±Ê< 00:01,6.03 | 0.01550,6.01 | 0.01543,12.33,12.32,27.6,8.0 m -   18 m
(2017 YP6),2017-Dec-29 02:07Ê±Ê< 00:01,14.19 | 0.03646,14.10 | 0.03623,16.00,16.00,25.1,25 m -   57 m
(2017 XG1),2017-Dec-29 20:21Ê±Ê< 00:01,16.28 | 0.04184,16.22 | 0.04168,9.88,9.88,24.8,29 m -   65 m
(2017 QL33),2017-Dec-30 05:12Ê±Ê< 00:01,13.25 | 0.03404,13.25 | 0.03404,8.20,8.19,21.2,150 m -  340 m
(2017 YU1),2017-Dec-30 07:22Ê±Ê< 00:01,7.74 | 0.01988,7.72 | 0.01985,7.64,7.62,26.2,15 m -   34 m
(2017 YE7),2017-Dec-30 17:47Ê±Ê< 00:01,0.80 | 0.00206,0.80 | 0.00204,20.19,20.13,28.5,5.3 m -   12 m
(2018 BF11),2017-Dec-31 08:27Ê±ÊÊÊÊ09:56,12.10 | 0.03110,10.31 | 0.02649,5.46,5.44,26.5,13 m -   30 m
(2018 AG3),2017-Dec-31 12:41Ê±ÊÊÊÊ00:16,13.01 | 0.03343,12.49 | 0.03208,7.12,7.11,26,17 m -   38 m
(2017 YL5),2017-Dec-31 20:33Ê±Ê< 00:01,16.36 | 0.04205,16.13 | 0.04145,19.65,19.65,23.8,46 m -  100 m
(2017 YD),2018-Jan-01 00:10Ê±Ê< 00:01,18.97 | 0.04876,18.96 | 0.04872,4.08,4.07,25.5,21 m -   47 m
(2018 AH),2018-Jan-02 04:25Ê±Ê< 00:01,0.77 | 0.00199,0.77 | 0.00198,13.75,13.66,22.5,84 m -  190 m
(2012 BN1),2018-Jan-02 10:36Ê±Ê< 00:01,18.62 | 0.04784,18.61 | 0.04783,4.65,4.63,25.5,21 m -   47 m
(2017 YD7),2018-Jan-03 00:40Ê±Ê< 00:01,4.73 | 0.01216,4.69 | 0.01206,10.52,10.50,27.3,9.2 m -   21 m
(2018 AK3),2018-Jan-04 02:25Ê±Ê< 00:01,10.05 | 0.02583,10.00 | 0.02568,7.45,7.44,25.7,19 m -   43 m
(2018 AY3),2018-Jan-05 05:14Ê±ÊÊÊÊ00:01,12.61 | 0.03239,12.54 | 0.03222,7.32,7.31,27,11 m -   24 m
(2018 AJ3),2018-Jan-05 12:15Ê±Ê< 00:01,7.58 | 0.01948,7.56 | 0.01943,3.03,2.98,27.7,7.7 m -   17 m
(2017 YJ7),2018-Jan-07 02:09Ê±Ê< 00:01,11.81 | 0.03034,11.72 | 0.03011,5.67,5.65,26.3,15 m -   33 m
(2017 YK7),2018-Jan-07 19:18Ê±ÊÊÊÊ00:06,10.58 | 0.02718,10.38 | 0.02667,10.69,10.68,24.4,35 m -   78 m
(2017 YX4),2018-Jan-08 07:54Ê±Ê< 00:01,14.90 | 0.03828,14.81 | 0.03805,7.26,7.25,23.6,51 m -  110 m
(2017 XT61),2018-Jan-08 20:27Ê±Ê< 00:01,11.30 | 0.02905,11.30 | 0.02904,10.77,10.76,23.2,61 m -  140 m
(2018 AY11),2018-Jan-08 22:28Ê±Ê< 00:01,17.16 | 0.04409,17.02 | 0.04373,19.29,19.29,25.2,24 m -   54 m
(2018 AR2),2018-Jan-09 16:54Ê±Ê< 00:01,14.73 | 0.03785,14.64 | 0.03761,7.32,7.31,25.5,21 m -   47 m
(2018 AT18),2018-Jan-09 18:27Ê±ÊÊÊÊ00:07,4.47 | 0.01148,4.43 | 0.01138,6.75,6.71,27.6,8.2 m -   18 m
(2018 AA4),2018-Jan-10 03:30Ê±Ê< 00:01,3.53 | 0.00907,3.52 | 0.00904,10.61,10.58,25.9,18 m -   39 m
(2018 AJ13),2018-Jan-10 09:05Ê±ÊÊÊÊ00:50,16.48 | 0.04235,14.24 | 0.03658,17.85,17.84,24.7,30 m -   68 m
(2018 AP2),2018-Jan-10 11:48Ê±Ê< 00:01,18.78 | 0.04825,18.69 | 0.04803,10.02,10.01,24.7,31 m -   68 m
(2018 AW11),2018-Jan-10 19:59Ê±Ê< 00:01,7.09 | 0.01821,7.07 | 0.01818,6.56,6.53,25.9,18 m -   39 m
(2018 AU18),2018-Jan-10 21:34Ê±ÊÊÊÊ00:01,1.87 | 0.00480,1.85 | 0.00476,9.57,9.51,27.5,8.4 m -   19 m
(2018 AT2),2018-Jan-11 01:10Ê±Ê< 00:01,1.83 | 0.00471,1.83 | 0.00470,7.22,7.14,27.7,7.7 m -   17 m
(2018 AE4),2018-Jan-11 10:04Ê±Ê< 00:01,10.57 | 0.02717,10.56 | 0.02715,13.14,13.14,24.7,31 m -   68 m
(2003 UO12),2018-Jan-11 17:54Ê±Ê< 00:01,10.34 | 0.02657,10.34 | 0.02657,10.31,10.30,23.9,44 m -   99 m
(2018 AC12),2018-Jan-12 03:47Ê±Ê< 00:01,13.33 | 0.03426,13.31 | 0.03419,7.80,7.79,25.4,22 m -   49 m
(2018 AZ11),2018-Jan-12 23:55Ê±Ê< 00:01,15.69 | 0.04032,15.64 | 0.04019,9.45,9.44,25.7,19 m -   43 m
(2018 BO5),2018-Jan-13 09:45Ê±ÊÊÊÊ00:13,8.64 | 0.02221,8.55 | 0.02196,12.12,12.11,26.3,15 m -   33 m
(2018 BG5),2018-Jan-14 04:54Ê±Ê< 00:01,11.36 | 0.02919,11.33 | 0.02911,8.09,8.08,24,42 m -   94 m
(2017 YU3),2018-Jan-14 10:52Ê±Ê< 00:01,18.22 | 0.04682,18.19 | 0.04673,13.14,13.13,23.9,44 m -   99 m
(2018 AS2),2018-Jan-14 11:18Ê±Ê< 00:01,1.16 | 0.00299,1.16 | 0.00298,7.68,7.56,28.6,5.1 m -   11 m
(2018 AU2),2018-Jan-14 12:17Ê±Ê< 00:01,2.73 | 0.00701,2.72 | 0.00700,9.28,9.23,27.4,8.8 m -   20 m
(2018 BB),2018-Jan-15 06:30Ê±Ê< 00:01,10.91 | 0.02803,10.86 | 0.02790,8.91,8.90,25,27 m -   59 m
(2018 AA12),2018-Jan-15 07:24Ê±Ê< 00:01,16.50 | 0.04240,16.45 | 0.04226,7.58,7.57,24.8,29 m -   65 m
(2018 AV2),2018-Jan-15 11:44Ê±ÊÊÊÊ00:01,6.66 | 0.01712,6.66 | 0.01712,0.10,NaN,28.7,4.8 m -   11 m
(2018 BW),2018-Jan-15 15:13Ê±ÊÊÊÊ00:01,0.43 | 0.00112,0.43 | 0.00111,6.87,6.51,28.1,6.4 m -   14 m
(2018 AT11),2018-Jan-15 23:07Ê±Ê< 00:01,10.82 | 0.02780,10.78 | 0.02770,6.92,6.91,25,27 m -   59 m
(2018 BW1),2018-Jan-16 06:45Ê±Ê< 00:01,8.67 | 0.02227,8.64 | 0.02221,6.25,6.23,27.1,10 m -   23 m
(2018 BR1),2018-Jan-16 13:22Ê±Ê< 00:01,0.34 | 0.00088,0.34 | 0.00088,8.86,8.51,29.5,3.3 m -  7.5 m
(2018 AM2),2018-Jan-16 15:32Ê±Ê< 00:01,12.14 | 0.03121,12.05 | 0.03096,13.53,13.53,25.9,18 m -   39 m
(2018 BB3),2018-Jan-17 02:38Ê±Ê< 00:01,4.76 | 0.01222,4.74 | 0.01219,21.70,21.69,25.7,19 m -   43 m
(2018 AG4),2018-Jan-17 10:41Ê±Ê< 00:01,1.40 | 0.00360,1.40 | 0.00360,9.21,9.13,26.1,16 m -   36 m
(2018 BA),2018-Jan-17 21:51Ê±Ê< 00:01,17.24 | 0.04430,17.13 | 0.04402,12.88,12.88,25,27 m -   59 m
(2018 BD),2018-Jan-18 15:43Ê±Ê< 00:01,0.10 | 0.00026,0.10 | 0.00026,10.00,8.92,30.1,2.5 m -  5.7 m
(2018 AF1),2018-Jan-18 20:52Ê±Ê< 00:01,12.38 | 0.03181,12.32 | 0.03166,24.55,24.55,23,67 m -  150 m
(2018 BF3),2018-Jan-19 03:00Ê±Ê< 00:01,0.63 | 0.00162,0.63 | 0.00162,13.47,13.34,26,17 m -   38 m
(2018 BF5),2018-Jan-19 12:00Ê±Ê< 00:01,8.76 | 0.02251,8.73 | 0.02244,10.12,10.11,24.2,38 m -   86 m
(2018 BC),2018-Jan-19 20:23Ê±Ê< 00:01,0.73 | 0.00189,0.73 | 0.00189,2.67,2.07,29.4,3.5 m -  7.8 m
(2018 BX),2018-Jan-19 23:00Ê±Ê< 00:01,0.73 | 0.00188,0.73 | 0.00187,5.85,5.60,29.1,4.0 m -  9.0 m
(2018 BQ5),2018-Jan-20 01:42Ê±Ê< 00:01,5.11 | 0.01314,5.07 | 0.01304,9.25,9.23,27.3,9.2 m -   21 m
(2018 BP3),2018-Jan-20 03:29Ê±Ê< 00:01,1.19 | 0.00307,1.19 | 0.00306,7.06,6.93,28.7,4.8 m -   11 m
(2018 BX5),2018-Jan-20 10:10Ê±Ê< 00:01,1.68 | 0.00431,1.67 | 0.00429,8.02,7.94,28.9,4.4 m -  9.9 m
(2018 BH3),2018-Jan-20 10:11Ê±Ê< 00:01,4.14 | 0.01063,4.14 | 0.01063,9.14,9.12,25.4,22 m -   49 m
(2018 BD5),2018-Jan-20 10:39Ê±Ê< 00:01,6.61 | 0.01699,6.60 | 0.01696,8.65,8.63,26,17 m -   38 m
(2018 BL11),2018-Jan-20 19:51Ê±ÊÊÊÊ00:19,0.79 | 0.00203,0.78 | 0.00201,11.46,11.34,28.3,5.8 m -   13 m
(2018 BY5),2018-Jan-20 20:48Ê±Ê< 00:01,6.45 | 0.01656,6.38 | 0.01639,12.75,12.73,26.1,16 m -   36 m
(2018 BF6),2018-Jan-21 22:09Ê±Ê< 00:01,6.64 | 0.01705,6.59 | 0.01694,18.51,18.50,25.6,20 m -   45 m
306383 (1993 VD),2018-Jan-22 18:58Ê±Ê< 00:01,14.32 | 0.03680,14.32 | 0.03680,17.40,17.40,21.5,130 m -  300 m
(2018 BZ5),2018-Jan-22 23:26Ê±Ê< 00:01,6.81 | 0.01750,6.77 | 0.01741,12.27,12.26,26,17 m -   38 m
(2018 AK12),2018-Jan-23 05:07Ê±Ê< 00:01,6.97 | 0.01790,6.77 | 0.01739,22.30,22.30,25.2,24 m -   54 m
(2018 BT1),2018-Jan-23 05:36Ê±Ê< 00:01,15.28 | 0.03926,15.28 | 0.03926,16.73,16.73,22.9,70 m -  160 m
(2018 BM6),2018-Jan-23 06:28Ê±ÊÊÊÊ00:02,10.13 | 0.02603,10.07 | 0.02587,5.18,5.16,26.6,13 m -   28 m
(2018 AV11),2018-Jan-23 10:02Ê±Ê< 00:01,11.08 | 0.02848,11.03 | 0.02833,9.10,9.09,25.1,25 m -   57 m
(2018 AJ),2018-Jan-23 12:25Ê±Ê< 00:01,4.65 | 0.01194,4.65 | 0.01194,5.55,5.51,24.5,33 m -   75 m
(2018 BJ6),2018-Jan-23 21:38Ê±Ê< 00:01,3.07 | 0.00788,3.06 | 0.00786,3.70,3.61,28.5,5.3 m -   12 m
(2018 BN6),2018-Jan-24 09:29Ê±Ê< 00:01,0.94 | 0.00242,0.94 | 0.00242,10.34,10.23,26.8,12 m -   26 m
(2018 BG1),2018-Jan-24 16:01Ê±Ê< 00:01,10.86 | 0.02792,10.83 | 0.02784,7.27,7.26,25.5,21 m -   47 m
(2018 BP1),2018-Jan-24 16:02Ê±Ê< 00:01,19.04 | 0.04893,18.96 | 0.04872,8.13,8.13,24.6,32 m -   71 m
(2018 BA3),2018-Jan-24 21:41Ê±Ê< 00:01,3.01 | 0.00774,3.01 | 0.00774,8.03,7.99,26.3,15 m -   33 m
(2018 BR6),2018-Jan-25 09:54Ê±Ê< 00:01,18.09 | 0.04649,18.04 | 0.04634,7.76,7.76,26.3,15 m -   33 m
(2018 BU6),2018-Jan-26 01:14Ê±Ê< 00:01,4.77 | 0.01227,4.75 | 0.01221,15.79,15.77,24.8,29 m -   65 m
(2018 AL12),2018-Jan-26 02:26Ê±Ê< 00:01,8.12 | 0.02087,8.07 | 0.02073,19.64,19.64,24.8,29 m -   65 m
(2018 BM5),2018-Jan-26 08:17Ê±Ê< 00:01,4.83 | 0.01241,4.83 | 0.01241,9.13,9.11,27.3,9.2 m -   21 m
(2018 CQ3),2018-Jan-26 15:00Ê±Ê< 00:01,14.68 | 0.03773,14.68 | 0.03773,3.30,3.28,25.2,24 m -   54 m
(2018 BT6),2018-Jan-26 21:52Ê±Ê< 00:01,18.23 | 0.04684,18.22 | 0.04683,26.38,26.38,21.3,150 m -  330 m
(2018 BU1),2018-Jan-27 05:00Ê±Ê< 00:01,3.06 | 0.00787,3.05 | 0.00785,11.30,11.27,24.7,31 m -   68 m
(2018 BQ),2018-Jan-27 14:55Ê±Ê< 00:01,9.27 | 0.02382,9.27 | 0.02381,3.36,3.32,25.7,19 m -   43 m
(2018 BS6),2018-Jan-28 08:15Ê±Ê< 00:01,7.22 | 0.01854,7.17 | 0.01842,11.01,11.00,24.9,28 m -   62 m
(2018 BE6),2018-Jan-30 09:03Ê±Ê< 00:01,3.40 | 0.00873,3.39 | 0.00871,17.04,17.02,24.5,33 m -   75 m
(2018 CK),2018-Jan-30 15:33Ê±ÊÊÊÊ00:01,1.77 | 0.00455,1.76 | 0.00453,14.64,14.60,26.4,14 m -   31 m
(2018 BQ6),2018-Jan-30 16:42Ê±Ê< 00:01,3.61 | 0.00927,3.59 | 0.00923,10.17,10.14,27.5,8.4 m -   19 m
(2018 CH),2018-Jan-30 23:45Ê±Ê< 00:01,4.63 | 0.01190,4.61 | 0.01184,10.38,10.36,26.4,14 m -   31 m
(2018 AQ2),2018-Feb-02 06:54Ê±Ê< 00:01,13.39 | 0.03441,13.37 | 0.03436,17.36,17.35,22.1,100 m -  230 m
(2002 CB19),2018-Feb-03 01:22Ê±Ê< 00:01,10.02 | 0.02575,10.02 | 0.02575,15.67,15.67,25,27 m -   59 m
(2018 CT),2018-Feb-03 10:27Ê±Ê< 00:01,1.69 | 0.00434,1.69 | 0.00434,19.05,19.02,25.8,18 m -   41 m
(2018 BN5),2018-Feb-03 14:45Ê±ÊÊÊÊ00:02,15.83 | 0.04068,15.68 | 0.04029,9.40,9.39,25.9,18 m -   39 m
(2018 BG3),2018-Feb-03 22:23Ê±Ê< 00:01,11.90 | 0.03057,11.84 | 0.03042,14.16,14.15,23.9,44 m -   99 m
(2018 CA1),2018-Feb-04 09:45Ê±Ê< 00:01,7.83 | 0.02011,7.80 | 0.02004,15.01,15.00,25.2,24 m -   54 m
(2018 AH12),2018-Feb-04 13:47Ê±Ê< 00:01,5.31 | 0.01365,5.30 | 0.01363,5.03,4.99,26.9,11 m -   25 m
(2018 CS1),2018-Feb-04 14:50Ê±Ê< 00:01,0.90 | 0.00230,0.89 | 0.00229,8.79,8.65,28.2,6.1 m -   14 m
(2018 CV2),2018-Feb-04 21:17Ê±Ê< 00:01,16.31 | 0.04192,16.14 | 0.04146,16.68,16.68,25.5,21 m -   47 m
276033 (2002 AJ129),2018-Feb-04 21:31Ê±Ê< 00:01,10.95 | 0.02813,10.95 | 0.02813,34.04,34.04,18.7,480 m -  1.1 km
(2018 BP6),2018-Feb-05 10:02Ê±Ê< 00:01,3.66 | 0.00940,3.65 | 0.00939,13.75,13.72,24.5,33 m -   75 m
(2018 CJ2),2018-Feb-05 21:39Ê±Ê< 00:01,7.82 | 0.02009,7.80 | 0.02004,15.47,15.46,25,27 m -   59 m
(2018 CL),2018-Feb-06 05:09Ê±Ê< 00:01,2.34 | 0.00602,2.34 | 0.00601,8.56,8.51,25.5,21 m -   47 m
(2018 CM),2018-Feb-06 17:19Ê±Ê< 00:01,2.14 | 0.00549,2.13 | 0.00547,9.60,9.55,27.8,7.3 m -   16 m
(2018 CF2),2018-Feb-06 19:16Ê±Ê< 00:01,0.25 | 0.00065,0.25 | 0.00065,13.54,13.23,28,6.7 m -   15 m
(2018 CC),2018-Feb-06 20:12Ê±Ê< 00:01,0.49 | 0.00126,0.49 | 0.00126,10.64,10.44,26.6,13 m -   28 m
(2018 CC3),2018-Feb-07 01:45Ê±Ê< 00:01,7.04 | 0.01810,7.00 | 0.01799,11.46,11.44,26.7,12 m -   27 m
(2018 CN),2018-Feb-07 04:35Ê±Ê< 00:01,1.27 | 0.00327,1.27 | 0.00327,19.86,19.82,26.4,14 m -   31 m
(2018 CN2),2018-Feb-09 07:26Ê±Ê< 00:01,0.18 | 0.00047,0.18 | 0.00047,20.16,19.88,27.8,7.3 m -   16 m
(2018 BL1),2018-Feb-09 12:20Ê±Ê< 00:01,16.44 | 0.04224,16.43 | 0.04221,20.28,20.27,23.3,58 m -  130 m
(2018 DO3),2018-Feb-09 18:52Ê±Ê2_06:19,4.41 | 0.01134,1.81 | 0.00464,14.71,14.70,29.2,3.8 m -  8.5 m
511684 (2015 BN509),2018-Feb-09 19:59Ê±Ê< 00:01,12.84 | 0.03298,12.84 | 0.03298,17.72,17.71,20.7,190 m -  430 m
(2018 CB),2018-Feb-09 22:29Ê±Ê< 00:01,0.18 | 0.00047,0.18 | 0.00047,7.27,6.44,25.9,18 m -   39 m
(2018 DJ1),2018-Feb-11 04:00Ê±ÊÊÊÊ00:02,9.79 | 0.02515,9.73 | 0.02501,19.44,19.43,23.6,51 m -  110 m
(2018 CB2),2018-Feb-11 12:25Ê±Ê< 00:01,6.50 | 0.01669,6.47 | 0.01663,15.51,15.50,25,27 m -   59 m
(1991 VG),2018-Feb-11 20:54Ê±Ê< 00:01,18.33 | 0.04711,18.33 | 0.04711,2.05,2.02,28.3,5.8 m -   13 m
(2018 CX),2018-Feb-11 21:04Ê±Ê< 00:01,5.65 | 0.01451,5.64 | 0.01450,11.02,11.01,25.2,24 m -   54 m
(2014 WQ202),2018-Feb-11 23:12Ê±ÊÊÊÊ02:08,15.05 | 0.03867,11.28 | 0.02898,19.75,19.75,23.8,46 m -  100 m
(2018 CE3),2018-Feb-12 00:15Ê±ÊÊÊÊ00:02,10.65 | 0.02737,10.53 | 0.02706,7.21,7.20,27.5,8.4 m -   19 m
(2018 CH2),2018-Feb-12 17:50Ê±Ê< 00:01,2.05 | 0.00526,2.04 | 0.00525,9.06,9.01,28,6.7 m -   15 m
(2018 CL2),2018-Feb-13 09:37Ê±Ê< 00:01,16.26 | 0.04178,15.96 | 0.04101,13.94,13.93,25.8,18 m -   41 m
(2018 CW2),2018-Feb-13 17:40Ê±ÊÊÊÊ00:01,18.58 | 0.04774,18.42 | 0.04733,9.38,9.38,25.5,21 m -   47 m
(2018 CA2),2018-Feb-13 20:28Ê±Ê< 00:01,10.41 | 0.02676,10.37 | 0.02665,7.41,7.39,26.1,16 m -   36 m
(2018 CR3),2018-Feb-13 23:36Ê±Ê< 00:01,6.75 | 0.01735,6.73 | 0.01729,20.53,20.52,25.6,20 m -   45 m
(2018 CT3),2018-Feb-14 09:14Ê±Ê< 00:01,14.54 | 0.03737,14.45 | 0.03713,14.80,14.79,22.9,70 m -  160 m
(2018 CF3),2018-Feb-14 10:37Ê±Ê< 00:01,11.03 | 0.02834,10.93 | 0.02808,8.72,8.71,26.6,13 m -   28 m
(2018 CS2),2018-Feb-14 13:07Ê±Ê< 00:01,14.67 | 0.03769,14.63 | 0.03760,5.73,5.71,25.5,21 m -   47 m
(2018 CY2),2018-Feb-14 14:45Ê±Ê< 00:01,18.63 | 0.04787,18.57 | 0.04772,14.97,14.97,22.3,92 m -  210 m
(2018 CU2),2018-Feb-15 04:17Ê±Ê< 00:01,2.23 | 0.00574,2.23 | 0.00572,8.86,8.81,27.9,7.0 m -   16 m
(2018 CB1),2018-Feb-15 04:29Ê±Ê< 00:01,9.63 | 0.02475,9.59 | 0.02463,11.40,11.39,25.5,21 m -   47 m
(2018 DN),2018-Feb-15 05:37Ê±ÊÊÊÊ00:05,6.36 | 0.01634,6.27 | 0.01612,10.19,10.18,26.9,11 m -   25 m
(2018 CC1),2018-Feb-15 11:33Ê±Ê< 00:01,14.08 | 0.03619,14.02 | 0.03602,15.38,15.38,23.5,53 m -  120 m
(2018 CD3),2018-Feb-15 20:03Ê±Ê< 00:01,0.92 | 0.00237,0.92 | 0.00237,7.59,7.44,28.6,5.1 m -   11 m
(2018 DM1),2018-Feb-16 15:24Ê±Ê< 00:01,12.94 | 0.03324,12.82 | 0.03294,15.30,15.29,25,27 m -   59 m
(2018 CX2),2018-Feb-16 15:54Ê±Ê< 00:01,17.20 | 0.04420,16.98 | 0.04364,13.87,13.87,25.5,21 m -   47 m
(2018 DS),2018-Feb-17 00:27Ê±Ê< 00:01,11.02 | 0.02831,10.98 | 0.02821,7.89,7.88,25.1,25 m -   57 m
(2018 DF1),2018-Feb-17 14:33Ê±Ê< 00:01,7.52 | 0.01932,7.47 | 0.01920,18.50,18.50,25.3,23 m -   52 m
(2018 DD2),2018-Feb-17 20:48Ê±ÊÊÊÊ00:04,5.23 | 0.01343,5.18 | 0.01332,7.02,6.99,27.4,8.8 m -   20 m
(2018 CP2),2018-Feb-19 18:34Ê±Ê< 00:01,6.08 | 0.01563,6.07 | 0.01560,11.27,11.25,24.3,37 m -   82 m
(2018 CJ),2018-Feb-20 07:26Ê±Ê< 00:01,9.26 | 0.02379,9.25 | 0.02378,15.33,15.32,23.5,53 m -  120 m
(2018 DC2),2018-Feb-20 20:11Ê±Ê< 00:01,6.29 | 0.01615,6.26 | 0.01608,8.83,8.81,26.8,12 m -   26 m
(2018 DB),2018-Feb-20 20:52Ê±Ê< 00:01,2.25 | 0.00577,2.23 | 0.00572,16.17,16.14,27.6,8.0 m -   18 m
(2018 DQ),2018-Feb-21 12:16Ê±ÊÊÊÊ00:02,0.26 | 0.00067,0.26 | 0.00067,21.06,20.87,29.1,4.0 m -  9.0 m
(2018 CU13),2018-Feb-21 14:39Ê±Ê< 00:01,11.76 | 0.03021,11.60 | 0.02981,10.73,10.73,26.2,15 m -   34 m
(2016 CO246),2018-Feb-22 04:45Ê±Ê< 00:01,15.21 | 0.03910,15.21 | 0.03909,5.38,5.37,25.9,18 m -   39 m
(2017 DR109),2018-Feb-24 05:18Ê±ÊÊÊÊ00:30,3.69 | 0.00947,3.09 | 0.00793,7.37,7.33,27.6,8.0 m -   18 m
(2018 DN4),2018-Feb-24 15:17Ê±ÊÊÊÊ01:34,0.55 | 0.00141,0.02 | 4.53e-5,18.12,18.01,28.4,5.5 m -   12 m
(2018 CE14),2018-Feb-24 15:51Ê±Ê< 00:01,5.18 | 0.01330,5.15 | 0.01324,10.20,10.18,25.7,19 m -   43 m
(2018 FZ2),2018-Feb-24 20:47Ê±Ê< 00:01,17.58 | 0.04516,17.52 | 0.04502,8.93,8.92,24.3,37 m -   82 m
(2018 DR),2018-Feb-25 02:25Ê±Ê< 00:01,2.29 | 0.00590,2.29 | 0.00589,7.02,6.95,27.3,9.2 m -   21 m
(2018 DB1),2018-Feb-25 12:06Ê±Ê< 00:01,10.21 | 0.02624,10.18 | 0.02615,5.75,5.73,26,17 m -   38 m
(2018 DU),2018-Feb-25 18:22Ê±Ê< 00:01,0.74 | 0.00190,0.74 | 0.00190,4.60,4.28,28.3,5.8 m -   13 m
(2018 FV),2018-Feb-26 21:43Ê±Ê< 00:01,18.85 | 0.04842,18.84 | 0.04840,5.18,5.17,24.7,31 m -   68 m
(2016 FU12),2018-Feb-26 21:53Ê±ÊÊÊÊ01:48,13.15 | 0.03380,13.08 | 0.03360,4.51,4.49,26.9,11 m -   25 m
(2018 DA),2018-Feb-26 23:34Ê±Ê< 00:01,10.97 | 0.02820,10.91 | 0.02803,12.84,12.84,24,42 m -   94 m
(2014 EY24),2018-Feb-27 03:02Ê±Ê< 00:01,14.74 | 0.03786,14.74 | 0.03786,8.02,8.01,24.1,40 m -   90 m
(2018 DT),2018-Feb-27 04:05Ê±Ê< 00:01,4.18 | 0.01075,4.18 | 0.01074,2.63,2.54,27.1,10 m -   23 m
(2018 CU14),2018-Feb-27 10:57Ê±Ê< 00:01,5.44 | 0.01398,5.42 | 0.01393,4.40,4.36,27.6,8.0 m -   18 m
(2015 BF511),2018-Feb-28 19:40Ê±Ê1_02:13,11.69 | 0.03003,7.51 | 0.01930,5.75,5.73,24.8,29 m -   65 m
(2018 DW1),2018-Mar-01 00:14Ê±Ê< 00:01,3.87 | 0.00993,3.85 | 0.00988,12.17,12.14,26.8,12 m -   26 m
(2018 DE1),2018-Mar-01 07:24Ê±Ê< 00:01,15.29 | 0.03928,15.19 | 0.03904,6.56,6.55,25.5,21 m -   47 m
(2018 EB1),2018-Mar-01 19:07Ê±ÊÊÊÊ00:01,18.85 | 0.04844,18.74 | 0.04814,19.74,19.74,24.8,29 m -   65 m
(2018 DV1),2018-Mar-02 05:54Ê±ÊÊÊÊ00:02,0.29 | 0.00075,0.29 | 0.00075,6.56,6.00,28.4,5.6 m -   12 m
(2018 DU1),2018-Mar-02 11:38Ê±Ê< 00:01,5.10 | 0.01310,5.08 | 0.01304,6.30,6.27,27.7,7.7 m -   17 m
(2018 DS1),2018-Mar-03 05:27Ê±Ê< 00:01,16.30 | 0.04188,16.06 | 0.04127,16.26,16.25,24.9,28 m -   62 m
(2018 ET3),2018-Mar-03 08:21Ê±Ê< 00:01,8.76 | 0.02251,8.72 | 0.02241,5.44,5.41,26.6,13 m -   28 m
(2018 EL4),2018-Mar-03 12:16Ê±Ê< 00:01,10.63 | 0.02732,10.63 | 0.02730,6.36,6.34,25.4,22 m -   49 m
(2018 ED1),2018-Mar-03 12:21Ê±Ê< 00:01,3.26 | 0.00836,3.24 | 0.00832,11.82,11.80,25.8,18 m -   41 m
(2018 DC),2018-Mar-03 16:58Ê±Ê< 00:01,9.27 | 0.02381,9.21 | 0.02368,8.23,8.22,24.7,31 m -   68 m
(2018 DZ3),2018-Mar-03 21:30Ê±Ê< 00:01,10.51 | 0.02701,10.42 | 0.02678,9.71,9.70,26.4,14 m -   31 m
(2018 EE1),2018-Mar-04 00:20Ê±Ê< 00:01,4.80 | 0.01234,4.78 | 0.01229,16.88,16.86,24.8,29 m -   65 m
(2018 EZ9),2018-Mar-04 05:22Ê±ÊÊÊÊ22:55,19.32 | 0.04965,18.61 | 0.04783,6.54,6.53,27,10 m -   23 m
(2018 EX1),2018-Mar-04 09:54Ê±Ê< 00:01,8.10 | 0.02082,8.03 | 0.02065,9.37,9.36,26,17 m -   38 m
(2018 DC4),2018-Mar-04 19:13Ê±Ê< 00:01,3.32 | 0.00852,3.31 | 0.00849,3.94,3.86,27.3,9.2 m -   21 m
(2018 EA10),2018-Mar-04 22:19Ê±ÊÊÊÊ00:02,7.79 | 0.02001,7.72 | 0.01985,9.13,9.12,27.4,8.8 m -   20 m
(2018 EW1),2018-Mar-05 17:33Ê±Ê< 00:01,6.04 | 0.01552,6.03 | 0.01550,7.73,7.70,26.3,15 m -   33 m
(2018 EV3),2018-Mar-06 01:44Ê±Ê< 00:01,2.02 | 0.00520,2.02 | 0.00518,12.70,12.66,27.1,10 m -   23 m
(2018 FM2),2018-Mar-06 18:13Ê±Ê< 00:01,15.28 | 0.03927,15.27 | 0.03923,2.25,2.22,26.6,13 m -   28 m
(2003 EM1),2018-Mar-07 03:19Ê±ÊÊÊÊ00:11,16.57 | 0.04258,15.62 | 0.04015,7.98,7.97,24.5,33 m -   75 m
(2017 VR12),2018-Mar-07 07:53Ê±Ê< 00:01,3.76 | 0.00966,3.76 | 0.00966,6.30,6.26,20.6,200 m -  450 m
(2018 EE9),2018-Mar-07 15:05Ê±Ê< 00:01,3.07 | 0.00788,2.97 | 0.00763,15.99,15.97,26.1,16 m -   36 m
(2018 ES1),2018-Mar-07 19:36Ê±Ê< 00:01,2.87 | 0.00738,2.86 | 0.00736,13.73,13.71,26.8,12 m -   26 m
(2018 BK7),2018-Mar-09 04:34Ê±Ê< 00:01,10.12 | 0.02600,10.12 | 0.02600,8.70,8.69,23.4,56 m -  120 m
(2018 EF4),2018-Mar-09 06:29Ê±Ê< 00:01,4.96 | 0.01274,4.95 | 0.01273,5.66,5.62,26.3,15 m -   33 m
(2018 FY2),2018-Mar-09 23:28Ê±ÊÊÊÊ00:18,11.22 | 0.02882,10.66 | 0.02740,21.03,21.03,25.4,22 m -   49 m
(2018 FU2),2018-Mar-10 05:41Ê±ÊÊÊÊ00:03,10.37 | 0.02665,10.06 | 0.02586,11.88,11.87,26.7,12 m -   27 m
(2015 DK200),2018-Mar-10 06:46Ê±Ê< 00:01,7.02 | 0.01804,7.02 | 0.01804,8.02,8.00,25.6,20 m -   45 m
(2018 DY3),2018-Mar-11 02:36Ê±Ê< 00:01,5.26 | 0.01352,5.25 | 0.01349,8.00,7.98,25.7,19 m -   43 m
(2018 FM3),2018-Mar-11 23:26Ê±Ê< 00:01,8.78 | 0.02255,8.76 | 0.02250,3.17,3.13,27.2,9.7 m -   22 m
(2018 EF1),2018-Mar-12 04:21Ê±Ê< 00:01,11.47 | 0.02946,11.39 | 0.02927,8.76,8.75,24.2,38 m -   86 m
(2018 FW),2018-Mar-12 07:31Ê±Ê< 00:01,6.51 | 0.01674,6.50 | 0.01669,8.92,8.91,25,27 m -   59 m
(2018 EX),2018-Mar-12 10:04Ê±Ê< 00:01,12.43 | 0.03195,12.42 | 0.03192,2.89,2.86,27,11 m -   24 m
(2018 FC2),2018-Mar-12 14:43Ê±Ê< 00:01,14.77 | 0.03796,14.72 | 0.03782,11.26,11.25,24.7,31 m -   68 m
(2018 FL4),2018-Mar-12 20:22Ê±Ê< 00:01,11.99 | 0.03080,11.97 | 0.03077,10.01,10.01,23.9,44 m -   99 m
(2018 EZ2),2018-Mar-14 02:41Ê±Ê< 00:01,0.56 | 0.00144,0.56 | 0.00144,9.47,9.28,26.6,13 m -   28 m
(2018 EU1),2018-Mar-14 08:18Ê±Ê< 00:01,13.47 | 0.03460,13.40 | 0.03444,11.77,11.77,26.7,12 m -   27 m
(2018 FA4),2018-Mar-14 11:03Ê±Ê< 00:01,13.11 | 0.03368,13.10 | 0.03367,13.37,13.36,25.4,22 m -   49 m
(2018 EU2),2018-Mar-14 13:45Ê±Ê< 00:01,10.07 | 0.02588,10.02 | 0.02574,11.28,11.27,26.4,14 m -   31 m
(2018 FT),2018-Mar-14 15:37Ê±Ê< 00:01,7.44 | 0.01912,7.40 | 0.01903,17.14,17.14,25.5,21 m -   47 m
(2018 FH1),2018-Mar-15 06:28Ê±Ê< 00:01,3.38 | 0.00869,3.38 | 0.00869,4.91,4.85,26.6,13 m -   28 m
(2018 EH),2018-Mar-15 07:02Ê±Ê< 00:01,9.19 | 0.02361,9.16 | 0.02354,10.95,10.94,24.4,35 m -   78 m
(2018 EB4),2018-Mar-16 06:00Ê±Ê< 00:01,1.45 | 0.00373,1.45 | 0.00373,12.95,12.89,25.4,22 m -   49 m
(2018 FD2),2018-Mar-17 06:37Ê±Ê< 00:01,2.36 | 0.00606,2.34 | 0.00601,13.99,13.96,26.8,12 m -   26 m
(2018 FN3),2018-Mar-17 23:08Ê±Ê< 00:01,7.38 | 0.01897,7.37 | 0.01894,6.68,6.66,25.7,19 m -   43 m
(2018 FL29),2018-Mar-17 23:18Ê±ÊÊÊÊ00:07,0.58 | 0.00148,0.57 | 0.00146,12.04,11.89,30.1,2.6 m -  5.7 m
(2018 ET1),2018-Mar-18 06:32Ê±Ê< 00:01,4.37 | 0.01124,4.36 | 0.01119,6.04,6.00,26.4,14 m -   31 m
(2018 FE3),2018-Mar-18 07:12Ê±Ê< 00:01,0.38 | 0.00098,0.38 | 0.00098,6.44,6.00,27.2,9.7 m -   22 m
(2018 FY3),2018-Mar-18 08:12Ê±Ê< 00:01,12.73 | 0.03272,12.64 | 0.03248,7.88,7.87,26.2,15 m -   34 m
(2018 FQ4),2018-Mar-18 13:00Ê±Ê< 00:01,2.38 | 0.00611,2.38 | 0.00611,9.26,9.21,27,11 m -   24 m
(2018 FE),2018-Mar-18 13:50Ê±Ê< 00:01,3.93 | 0.01010,3.92 | 0.01007,12.13,12.11,28.2,6.1 m -   14 m
(2018 EC1),2018-Mar-18 22:20Ê±Ê< 00:01,12.56 | 0.03227,12.52 | 0.03216,8.71,8.71,26.2,15 m -   34 m
(2018 FQ3),2018-Mar-19 05:59Ê±Ê< 00:01,0.73 | 0.00187,0.72 | 0.00185,11.04,10.91,28.6,5.1 m -   11 m
(2018 FB4),2018-Mar-19 15:03Ê±Ê< 00:01,7.29 | 0.01874,7.26 | 0.01867,13.60,13.59,27.5,8.4 m -   19 m
(2018 FF5),2018-Mar-20 02:46Ê±Ê< 00:01,3.58 | 0.00919,3.56 | 0.00916,8.75,8.72,28,6.7 m -   15 m
(2018 FX4),2018-Mar-20 06:09Ê±Ê< 00:01,4.11 | 0.01056,4.09 | 0.01052,22.39,22.38,25.6,20 m -   45 m
(2018 GD),2018-Mar-21 02:49Ê±Ê< 00:01,18.58 | 0.04775,18.55 | 0.04767,7.30,7.30,24.6,32 m -   71 m
(2018 FG1),2018-Mar-21 04:45Ê±Ê< 00:01,4.45 | 0.01144,4.43 | 0.01138,9.67,9.64,27.3,9.2 m -   21 m
(2018 FU4),2018-Mar-21 22:16Ê±Ê< 00:01,16.95 | 0.04356,16.91 | 0.04346,8.43,8.42,25.5,21 m -   47 m
(2018 ED9),2018-Mar-21 23:18Ê±Ê< 00:01,1.60 | 0.00411,1.60 | 0.00411,6.11,6.00,27.1,10 m -   23 m
(2018 FR3),2018-Mar-22 04:58Ê±Ê< 00:01,3.17 | 0.00813,3.16 | 0.00812,7.69,7.65,27.3,9.2 m -   21 m
(2018 EV1),2018-Mar-22 09:45Ê±Ê< 00:01,7.68 | 0.01974,7.61 | 0.01954,11.18,11.16,25.4,22 m -   49 m
(2018 FF3),2018-Mar-23 02:58Ê±Ê< 00:01,1.13 | 0.00291,1.13 | 0.00291,12.02,11.94,26.6,13 m -   28 m
(2018 FL2),2018-Mar-23 10:01Ê±Ê< 00:01,9.00 | 0.02312,8.96 | 0.02302,17.73,17.72,25.5,21 m -   47 m
(2018 FA2),2018-Mar-23 15:18Ê±Ê< 00:01,11.14 | 0.02861,11.05 | 0.02838,8.22,8.21,26.9,11 m -   25 m
(2018 FZ3),2018-Mar-23 16:19Ê±Ê< 00:01,0.50 | 0.00129,0.50 | 0.00128,14.11,13.96,27.6,8.0 m -   18 m
(2018 FC3),2018-Mar-23 19:08Ê±Ê< 00:01,5.24 | 0.01347,5.22 | 0.01341,15.31,15.30,27.5,8.4 m -   19 m
(2018 FW1),2018-Mar-24 18:49Ê±Ê< 00:01,9.20 | 0.02364,9.18 | 0.02358,7.33,7.32,25,27 m -   59 m
(2018 FP5),2018-Mar-24 22:29Ê±Ê< 00:01,3.03 | 0.00778,3.02 | 0.00775,16.27,16.25,25.7,19 m -   43 m
(2018 FB3),2018-Mar-25 01:18Ê±Ê< 00:01,9.27 | 0.02382,9.22 | 0.02369,15.86,15.86,25.2,24 m -   54 m
(2018 GQ),2018-Mar-25 04:14Ê±ÊÊÊÊ00:01,17.04 | 0.04379,16.84 | 0.04328,10.28,10.28,23.4,56 m -  120 m
(2018 GZ1),2018-Mar-25 06:35Ê±ÊÊÊÊ00:01,19.31 | 0.04961,19.20 | 0.04934,7.93,7.92,24.7,31 m -   68 m
(2018 FQ1),2018-Mar-25 20:47Ê±Ê< 00:01,5.63 | 0.01447,5.61 | 0.01440,5.94,5.91,26.9,11 m -   25 m
(2018 FR1),2018-Mar-26 03:42Ê±Ê< 00:01,6.15 | 0.01581,6.12 | 0.01573,12.20,12.19,26.6,13 m -   28 m
(2018 DH1),2018-Mar-27 10:18Ê±Ê< 00:01,9.17 | 0.02357,9.17 | 0.02357,14.44,14.43,21.1,160 m -  360 m
(2016 SR2),2018-Mar-28 14:07Ê±Ê< 00:01,18.65 | 0.04791,18.65 | 0.04791,7.27,7.27,26.2,15 m -   34 m
(2018 FU1),2018-Mar-28 15:21Ê±Ê< 00:01,12.24 | 0.03145,12.21 | 0.03138,5.90,5.88,26.8,12 m -   26 m
(2018 GB),2018-Mar-28 18:08Ê±ÊÊÊÊ00:04,18.81 | 0.04833,18.61 | 0.04782,8.41,8.40,25,27 m -   59 m
(2018 FO4),2018-Mar-28 20:15Ê±Ê< 00:01,7.69 | 0.01977,7.67 | 0.01970,6.27,6.25,27.5,8.4 m -   19 m
(2018 FU3),2018-Mar-29 09:18Ê±Ê< 00:01,17.63 | 0.04530,17.45 | 0.04484,8.41,8.40,26.2,15 m -   34 m
(2018 FE4),2018-Mar-29 15:08Ê±Ê< 00:01,13.20 | 0.03393,13.15 | 0.03378,20.67,20.66,24.7,31 m -   68 m
(2018 FB),2018-Mar-29 21:39Ê±Ê< 00:01,4.88 | 0.01254,4.88 | 0.01254,8.47,8.45,24.1,40 m -   90 m
(2018 FB2),2018-Mar-30 06:33Ê±Ê< 00:01,9.98 | 0.02564,9.95 | 0.02556,6.70,6.69,25.6,20 m -   45 m
(2018 FK5),2018-Mar-30 13:28Ê±Ê< 00:01,0.39 | 0.00100,0.39 | 0.00100,11.50,11.26,28.3,5.8 m -   13 m
(2010 GD35),2018-Mar-31 01:25Ê±Ê< 00:01,15.44 | 0.03966,15.44 | 0.03966,11.60,11.59,24.6,32 m -   71 m
(2018 EM4),2018-Apr-01 05:51Ê±Ê< 00:01,6.23 | 0.01600,6.21 | 0.01597,6.19,6.17,25.3,23 m -   52 m
(2018 GS5),2018-Apr-01 12:01Ê±ÊÊÊÊ00:09,8.42 | 0.02164,8.30 | 0.02132,10.38,10.37,25.5,21 m -   47 m
(2018 GD4),2018-Apr-01 14:03Ê±ÊÊÊÊ00:02,8.14 | 0.02092,8.09 | 0.02079,13.06,13.05,26,17 m -   38 m
(2018 GM1),2018-Apr-02 06:01Ê±Ê< 00:01,18.36 | 0.04717,18.10 | 0.04651,19.11,19.11,24.7,31 m -   68 m
(2004 FG29),2018-Apr-02 13:45Ê±ÊÊÊÊ01:02,4.00 | 0.01027,3.88 | 0.00997,14.92,14.91,26,17 m -   38 m
(2018 ER1),2018-Apr-02 20:25Ê±Ê< 00:01,15.51 | 0.03984,15.49 | 0.03981,3.97,3.95,25.6,20 m -   45 m
(2018 GZ),2018-Apr-03 03:45Ê±Ê< 00:01,1.39 | 0.00356,1.38 | 0.00356,3.16,2.91,27.8,7.3 m -   16 m
(2018 GE),2018-Apr-03 13:39Ê±Ê< 00:01,4.06 | 0.01044,4.06 | 0.01043,2.00,1.87,27.5,8.4 m -   19 m
(2018 GR4),2018-Apr-03 15:37Ê±Ê< 00:01,11.76 | 0.03021,11.74 | 0.03017,2.07,2.03,27.1,10 m -   23 m
(2018 GS4),2018-Apr-04 10:26Ê±Ê< 00:01,16.55 | 0.04251,16.52 | 0.04245,5.15,5.14,24.9,28 m -   62 m
(2018 EB),2018-Apr-04 14:09Ê±Ê< 00:01,10.36 | 0.02662,10.36 | 0.02662,15.06,15.06,21.8,120 m -  260 m
(2018 FW4),2018-Apr-05 02:28Ê±Ê< 00:01,9.73 | 0.02500,9.63 | 0.02473,11.65,11.64,25.1,25 m -   57 m
(2018 GR11),2018-Apr-07 07:52Ê±ÊÊÊÊ00:44,0.69 | 0.00177,0.67 | 0.00173,9.90,9.74,28.5,5.3 m -   12 m
(2018 GU1),2018-Apr-08 07:20Ê±Ê< 00:01,1.70 | 0.00437,1.70 | 0.00436,15.29,15.25,24.3,37 m -   82 m
(2018 GN2),2018-Apr-08 11:48Ê±Ê< 00:01,12.36 | 0.03177,12.33 | 0.03167,8.74,8.73,27.2,9.7 m -   22 m
(2018 GF4),2018-Apr-09 08:24Ê±Ê< 00:01,15.38 | 0.03952,15.34 | 0.03942,4.09,4.07,25.2,24 m -   54 m
(2018 GN),2018-Apr-09 14:56Ê±Ê< 00:01,1.12 | 0.00288,1.12 | 0.00287,21.12,21.08,26.2,15 m -   34 m
(2018 GT11),2018-Apr-09 16:05Ê±Ê< 00:01,6.74 | 0.01732,6.72 | 0.01726,7.76,7.74,27.5,8.4 m -   19 m
(2018 GW1),2018-Apr-09 21:16Ê±Ê< 00:01,3.83 | 0.00983,3.82 | 0.00982,13.60,13.58,26.4,14 m -   31 m
(2018 GN1),2018-Apr-09 21:33Ê±Ê< 00:01,2.00 | 0.00513,1.99 | 0.00512,8.83,8.77,27.4,8.8 m -   20 m
(2018 GE2),2018-Apr-10 00:59Ê±Ê< 00:01,1.41 | 0.00361,1.41 | 0.00361,6.17,6.05,27,11 m -   24 m
(2018 GY3),2018-Apr-10 04:23Ê±Ê< 00:01,0.78 | 0.00201,0.78 | 0.00201,11.27,11.15,27.6,8.0 m -   18 m
(2018 GG),2018-Apr-11 21:58Ê±Ê< 00:01,4.68 | 0.01202,4.66 | 0.01198,13.89,13.87,24.7,31 m -   68 m
363599 (2004 FG11),2018-Apr-12 05:23Ê±Ê< 00:01,19.26 | 0.04948,19.26 | 0.04948,24.52,24.51,21,170 m -  380 m
(2018 HD),2018-Apr-12 06:47Ê±Ê< 00:01,9.17 | 0.02355,9.04 | 0.02323,6.94,6.92,27.3,9.2 m -   21 m
(2018 GD2),2018-Apr-12 16:42Ê±Ê< 00:01,0.78 | 0.00201,0.78 | 0.00201,7.78,7.61,29.4,3.5 m -  7.8 m
(2018 HO),2018-Apr-12 22:21Ê±Ê< 00:01,7.57 | 0.01945,7.55 | 0.01940,4.29,4.26,26.7,12 m -   27 m
(2018 GP),2018-Apr-13 11:04Ê±Ê< 00:01,4.36 | 0.01121,4.35 | 0.01118,8.79,8.76,27.3,9.2 m -   21 m
(2018 GV1),2018-Apr-13 23:10Ê±Ê< 00:01,4.80 | 0.01233,4.79 | 0.01231,8.89,8.87,27.3,9.2 m -   21 m
(2018 GS11),2018-Apr-13 23:59Ê±ÊÊÊÊ00:03,8.08 | 0.02077,8.06 | 0.02070,8.48,8.47,27.6,7.9 m -   18 m
(2018 GD5),2018-Apr-14 03:22Ê±Ê< 00:01,3.62 | 0.00931,3.61 | 0.00928,6.03,5.99,27.8,7.3 m -   16 m
(2014 UR),2018-Apr-14 06:41Ê±Ê< 00:01,9.24 | 0.02375,9.24 | 0.02375,4.39,4.37,26.6,13 m -   28 m
(2018 GH2),2018-Apr-14 22:42Ê±Ê< 00:01,14.20 | 0.03649,14.14 | 0.03634,7.10,7.09,26,17 m -   38 m
(2018 GU11),2018-Apr-14 22:44Ê±ÊÊÊÊ00:04,2.14 | 0.00549,2.11 | 0.00542,12.65,12.61,28.4,5.6 m -   12 m
(2018 GE3),2018-Apr-15 06:41Ê±Ê< 00:01,0.50 | 0.00129,0.50 | 0.00129,29.58,29.51,23.8,46 m -  100 m
(2018 HM),2018-Apr-15 15:48Ê±Ê< 00:01,2.85 | 0.00733,2.84 | 0.00730,9.32,9.28,27.3,9.2 m -   21 m
(2018 HJ2),2018-Apr-16 15:52Ê±Ê< 00:01,13.10 | 0.03366,13.10 | 0.03366,10.08,10.08,24.6,32 m -   71 m
(2018 HD1),2018-Apr-16 22:12Ê±ÊÊÊÊ00:04,5.66 | 0.01455,5.61 | 0.01442,8.93,8.91,27.4,8.8 m -   20 m
(2018 GC2),2018-Apr-17 11:16Ê±Ê< 00:01,8.97 | 0.02304,8.95 | 0.02299,4.86,4.83,26.8,12 m -   26 m
(2018 GP4),2018-Apr-17 14:00Ê±Ê< 00:01,11.35 | 0.02917,11.30 | 0.02904,9.34,9.33,26.5,13 m -   30 m
(2018 GK4),2018-Apr-17 16:59Ê±Ê< 00:01,5.87 | 0.01509,5.84 | 0.01502,10.82,10.81,26.1,16 m -   36 m
(2018 HU),2018-Apr-18 17:58Ê±Ê< 00:01,7.97 | 0.02047,7.94 | 0.02041,9.68,9.66,25.7,19 m -   43 m
(2018 HO1),2018-Apr-19 07:18Ê±Ê< 00:01,11.16 | 0.02868,11.12 | 0.02857,7.34,7.33,25.3,23 m -   52 m
(2018 HC1),2018-Apr-19 22:26Ê±Ê< 00:01,1.23 | 0.00315,1.22 | 0.00315,15.53,15.48,26.7,12 m -   27 m
(2018 HS),2018-Apr-20 09:47Ê±Ê< 00:01,5.12 | 0.01316,5.11 | 0.01314,18.92,18.91,25.1,25 m -   57 m
(2018 GS3),2018-Apr-20 13:38Ê±Ê< 00:01,8.51 | 0.02187,8.46 | 0.02174,19.77,19.77,25.9,18 m -   39 m
(2018 HE2),2018-Apr-20 20:50Ê±Ê< 00:01,1.67 | 0.00428,1.66 | 0.00427,7.48,7.40,27.9,7.0 m -   16 m
522684 (2016 JP),2018-Apr-20 22:36Ê±Ê< 00:01,11.96 | 0.03073,11.96 | 0.03073,12.75,12.74,21.1,160 m -  360 m
(2018 HT),2018-Apr-21 06:39Ê±Ê< 00:01,7.10 | 0.01823,7.06 | 0.01815,7.57,7.56,26.9,11 m -   25 m
(2018 HL1),2018-Apr-21 14:00Ê±Ê< 00:01,4.67 | 0.01199,4.66 | 0.01197,14.38,14.37,23.9,44 m -   99 m
(2018 GR1),2018-Apr-21 19:53Ê±Ê< 00:01,18.20 | 0.04676,18.04 | 0.04637,16.37,16.36,24.2,38 m -   86 m
(2018 HN),2018-Apr-21 20:08Ê±Ê< 00:01,7.99 | 0.02054,7.98 | 0.02051,9.83,9.82,25,27 m -   59 m
(2018 HW1),2018-Apr-21 22:53Ê±Ê< 00:01,0.89 | 0.00229,0.89 | 0.00229,4.96,4.72,25.8,18 m -   41 m
(2018 HX1),2018-Apr-22 07:37Ê±Ê< 00:01,2.69 | 0.00690,2.68 | 0.00689,25.02,25.00,24.5,33 m -   75 m
(2018 HV),2018-Apr-22 17:07Ê±Ê< 00:01,0.40 | 0.00103,0.40 | 0.00103,16.03,15.87,28.9,4.4 m -  9.9 m
(2018 GG4),2018-Apr-23 16:28Ê±Ê< 00:01,9.71 | 0.02495,9.66 | 0.02482,14.93,14.93,26.2,15 m -   34 m
(2018 HY1),2018-Apr-23 18:09Ê±Ê< 00:01,9.49 | 0.02439,9.47 | 0.02433,7.64,7.63,25.3,23 m -   52 m
(2012 XL16),2018-Apr-23 18:38Ê±ÊÊÊÊ03:26,15.78 | 0.04054,15.62 | 0.04014,6.06,6.05,25.5,21 m -   47 m
(2018 GH),2018-Apr-25 09:00Ê±Ê< 00:01,14.53 | 0.03734,14.46 | 0.03715,10.69,10.69,23,67 m -  150 m
(2018 HU3),2018-Apr-25 13:05Ê±Ê< 00:01,2.10 | 0.00540,2.09 | 0.00538,5.31,5.22,28.1,6.4 m -   14 m
(2018 HP),2018-Apr-26 20:58Ê±Ê< 00:01,11.56 | 0.02972,11.46 | 0.02945,10.31,10.30,26.3,15 m -   33 m
(2018 GH5),2018-Apr-27 05:09Ê±Ê< 00:01,12.12 | 0.03114,12.06 | 0.03098,12.68,12.68,25.2,24 m -   54 m
(2018 GB2),2018-Apr-27 17:15Ê±Ê< 00:01,17.04 | 0.04379,16.96 | 0.04359,14.56,14.55,22.9,70 m -  160 m
(2015 MB54),2018-Apr-29 01:58Ê±Ê< 00:01,17.39 | 0.04468,17.39 | 0.04468,3.89,3.87,23.9,44 m -   99 m
(2013 US3),2018-Apr-29 10:29Ê±Ê< 00:01,10.08 | 0.02590,10.08 | 0.02590,7.69,7.68,21.3,150 m -  330 m
(2018 GO4),2018-Apr-29 12:34Ê±Ê< 00:01,11.78 | 0.03026,11.70 | 0.03006,8.57,8.56,24.5,33 m -   75 m
(2018 GY1),2018-Apr-29 18:20Ê±Ê< 00:01,13.14 | 0.03377,13.12 | 0.03370,16.69,16.69,22.1,100 m -  230 m
(2018 FV4),2018-Apr-29 19:13Ê±Ê< 00:01,17.61 | 0.04526,17.60 | 0.04524,6.52,6.51,23.8,46 m -  100 m
(2002 JR100),2018-Apr-29 21:18Ê±Ê< 00:01,10.81 | 0.02778,10.81 | 0.02778,7.68,7.66,24.3,37 m -   82 m
(2018 HF2),2018-Apr-30 13:38Ê±Ê< 00:01,18.54 | 0.04763,18.30 | 0.04703,6.81,6.80,26.2,15 m -   34 m
(2018 JM),2018-Apr-30 14:48Ê±Ê< 00:01,6.54 | 0.01681,6.53 | 0.01678,12.34,12.32,23.8,46 m -  100 m
(2018 HM2),2018-Apr-30 18:26Ê±Ê< 00:01,8.72 | 0.02241,8.71 | 0.02237,6.51,6.50,23.7,48 m -  110 m
(2018 JN),2018-Apr-30 19:48Ê±Ê< 00:01,4.48 | 0.01151,4.48 | 0.01150,8.32,8.29,25.1,25 m -   57 m
(2018 JH1),2018-May-01 17:15Ê±Ê< 00:01,7.90 | 0.02031,7.81 | 0.02007,14.26,14.25,25.3,23 m -   52 m
(2018 HB1),2018-May-02 18:16Ê±Ê< 00:01,10.09 | 0.02593,10.02 | 0.02573,9.15,9.14,24.9,28 m -   62 m
(2018 JR1),2018-May-03 09:52Ê±Ê< 00:01,6.74 | 0.01732,6.71 | 0.01724,14.02,14.01,25.6,20 m -   45 m
(2014 JR25),2018-May-04 05:04Ê±Ê< 00:01,6.49 | 0.01668,6.49 | 0.01668,14.98,14.97,23.3,58 m -  130 m
(2018 JO1),2018-May-04 06:38Ê±Ê< 00:01,11.49 | 0.02953,11.48 | 0.02951,7.50,7.49,25,27 m -   59 m
(2018 HR1),2018-May-04 19:03Ê±Ê< 00:01,17.39 | 0.04467,17.26 | 0.04435,16.46,16.46,24.2,38 m -   86 m
(2018 JU2),2018-May-06 05:25Ê±ÊÊÊÊ00:02,3.59 | 0.00922,3.57 | 0.00918,5.77,5.72,28.6,5.1 m -   11 m
(2018 JD),2018-May-06 11:38Ê±Ê< 00:01,3.49 | 0.00897,3.48 | 0.00895,8.13,8.09,26.7,12 m -   27 m
(2018 JW),2018-May-06 15:59Ê±Ê< 00:01,8.98 | 0.02308,8.94 | 0.02298,11.75,11.74,25.9,18 m -   39 m
(2018 JM2),2018-May-06 23:20Ê±Ê< 00:01,7.80 | 0.02003,7.78 | 0.01998,9.05,9.03,25.6,20 m -   45 m
(2018 JB),2018-May-06 23:21Ê±Ê< 00:01,5.20 | 0.01336,5.18 | 0.01331,8.32,8.30,26,17 m -   38 m
(1999 FN19),2018-May-07 13:57Ê±Ê< 00:01,9.65 | 0.02480,9.65 | 0.02480,5.70,5.68,22.5,84 m -  190 m
(2018 KV1),2018-May-07 19:49Ê±Ê< 00:01,19.11 | 0.04911,19.09 | 0.04906,9.18,9.17,24.4,35 m -   78 m
(2016 JQ5),2018-May-08 04:16Ê±ÊÊÊÊ14:00,6.24 | 0.01602,1.20 | 0.00308,10.43,10.41,28.1,6.4 m -   14 m
(2018 JK2),2018-May-09 06:37Ê±Ê< 00:01,9.44 | 0.02425,9.42 | 0.02419,5.76,5.75,25.8,18 m -   41 m
388945 (2008 TZ3),2018-May-09 10:06Ê±Ê< 00:01,6.48 | 0.01664,6.48 | 0.01664,9.02,9.01,20.4,220 m -  490 m
(2018 JP),2018-May-09 13:03Ê±Ê< 00:01,2.08 | 0.00534,2.07 | 0.00533,7.39,7.32,27.4,8.8 m -   20 m
(2018 JJ),2018-May-10 17:49Ê±Ê< 00:01,13.03 | 0.03349,12.92 | 0.03321,12.67,12.66,24.2,38 m -   86 m
(2018 JH3),2018-May-10 19:59Ê±Ê< 00:01,11.06 | 0.02843,10.97 | 0.02820,19.04,19.04,24.9,28 m -   62 m
(2018 JF2),2018-May-11 01:07Ê±Ê< 00:01,13.24 | 0.03401,13.21 | 0.03394,8.34,8.34,24.1,40 m -   90 m
(2018 KE2),2018-May-11 01:56Ê±ÊÊÊÊ00:09,13.18 | 0.03388,13.06 | 0.03355,10.79,10.78,25.8,18 m -   41 m
(2018 GR2),2018-May-11 05:06Ê±Ê< 00:01,13.31 | 0.03421,13.31 | 0.03421,9.81,9.80,22.5,84 m -  190 m
(2018 JZ),2018-May-11 09:05Ê±Ê< 00:01,4.33 | 0.01111,4.31 | 0.01107,13.25,13.23,27.1,10 m -   23 m
(2018 JG3),2018-May-11 14:28Ê±Ê< 00:01,2.84 | 0.00731,2.84 | 0.00729,13.43,13.41,26,17 m -   38 m
(2018 KJ),2018-May-12 03:05Ê±Ê< 00:01,11.19 | 0.02876,11.00 | 0.02827,9.86,9.85,27,11 m -   24 m
(2016 HP6),2018-May-13 01:05Ê±Ê< 00:01,2.16 | 0.00556,2.16 | 0.00556,5.62,5.53,25.3,23 m -   52 m
(2018 KK1),2018-May-13 08:26Ê±Ê< 00:01,15.66 | 0.04025,15.60 | 0.04008,12.46,12.45,23.5,53 m -  120 m
(2018 KC),2018-May-13 13:45Ê±Ê< 00:01,3.06 | 0.00787,3.05 | 0.00783,10.28,10.25,27.5,8.4 m -   19 m
(2018 JA1),2018-May-13 16:07Ê±Ê< 00:01,4.43 | 0.01139,4.43 | 0.01138,5.81,5.77,25.7,19 m -   43 m
(2018 KO1),2018-May-13 23:05Ê±Ê< 00:01,3.90 | 0.01001,3.87 | 0.00995,12.78,12.76,25,27 m -   59 m
(2018 JL1),2018-May-14 05:02Ê±Ê< 00:01,7.42 | 0.01908,7.40 | 0.01901,5.66,5.64,26.7,12 m -   27 m
(2018 JY),2018-May-14 16:07Ê±Ê< 00:01,8.79 | 0.02257,8.76 | 0.02251,10.58,10.57,24.1,40 m -   90 m
(2018 KO),2018-May-15 01:24Ê±Ê< 00:01,13.79 | 0.03544,13.71 | 0.03523,11.46,11.45,26.1,16 m -   36 m
523586 (1999 LK1),2018-May-15 02:38Ê±Ê< 00:01,13.24 | 0.03402,13.24 | 0.03402,10.03,10.02,22.1,100 m -  230 m
(2018 JX1),2018-May-15 09:15Ê±Ê< 00:01,9.33 | 0.02399,9.28 | 0.02386,7.71,7.69,26.5,13 m -   30 m
(2015 KJ19),2018-May-15 10:20Ê±Ê< 00:01,18.87 | 0.04849,18.87 | 0.04848,23.52,23.52,22.4,88 m -  200 m
(2010 WC9),2018-May-15 22:05Ê±Ê< 00:01,0.53 | 0.00136,0.53 | 0.00136,12.81,12.66,23.6,51 m -  110 m
(2018 JX),2018-May-16 07:12Ê±Ê< 00:01,3.88 | 0.00996,3.87 | 0.00995,13.00,12.98,23.4,56 m -  120 m
(2018 KU),2018-May-16 12:53Ê±Ê< 00:01,7.56 | 0.01942,7.54 | 0.01939,7.79,7.78,26.4,14 m -   31 m
(2018 JC),2018-May-17 22:21Ê±Ê< 00:01,17.59 | 0.04520,17.59 | 0.04519,9.33,9.33,23.4,56 m -  120 m
(2018 KX2),2018-May-18 02:14Ê±Ê< 00:01,11.06 | 0.02842,10.88 | 0.02796,7.92,7.91,25.7,19 m -   43 m
(2018 GL1),2018-May-18 02:21Ê±Ê< 00:01,14.25 | 0.03660,14.24 | 0.03660,5.24,5.22,23.7,48 m -  110 m
(2018 KN),2018-May-19 03:17Ê±Ê< 00:01,10.93 | 0.02809,10.90 | 0.02801,7.51,7.49,25.6,20 m -   45 m
(2018 KD2),2018-May-19 11:07Ê±Ê< 00:01,2.24 | 0.00576,2.24 | 0.00575,13.30,13.26,25.7,19 m -   43 m
(2018 JL2),2018-May-19 20:18Ê±Ê< 00:01,10.88 | 0.02795,10.82 | 0.02780,13.52,13.52,24.8,29 m -   65 m
(2018 KQ),2018-May-19 23:04Ê±Ê< 00:01,8.70 | 0.02235,8.66 | 0.02225,7.68,7.66,27.5,8.4 m -   19 m
(2018 JG1),2018-May-20 00:51Ê±Ê< 00:01,5.29 | 0.01360,5.29 | 0.01360,8.27,8.25,24.5,33 m -   75 m
(2018 KK),2018-May-21 02:49Ê±Ê< 00:01,12.05 | 0.03097,12.02 | 0.03089,9.11,9.10,25.2,24 m -   54 m
(2018 KF1),2018-May-21 08:53Ê±Ê< 00:01,2.24 | 0.00576,2.24 | 0.00575,8.60,8.54,25.8,18 m -   41 m
(2018 KU2),2018-May-21 11:00Ê±Ê< 00:01,3.13 | 0.00804,3.12 | 0.00801,7.46,7.41,26.8,12 m -   26 m
(2018 KS),2018-May-22 04:02Ê±Ê< 00:01,2.05 | 0.00527,2.05 | 0.00527,7.67,7.60,27.9,7.0 m -   16 m
(2018 JK),2018-May-22 12:13Ê±Ê< 00:01,16.28 | 0.04183,16.13 | 0.04146,12.46,12.46,23.2,61 m -  140 m
(2018 KT2),2018-May-23 01:49Ê±Ê< 00:01,2.48 | 0.00636,2.47 | 0.00635,8.59,8.55,26.9,11 m -   25 m
(2018 KW1),2018-May-23 11:57Ê±Ê< 00:01,0.39 | 0.00100,0.39 | 0.00100,7.30,6.92,29.7,3.1 m -  6.8 m
(2018 KW2),2018-May-23 22:33Ê±Ê< 00:01,10.21 | 0.02623,10.15 | 0.02608,12.40,12.39,24.4,35 m -   78 m
(2018 KC4),2018-May-24 14:57Ê±ÊÊÊÊ00:09,2.39 | 0.00614,2.32 | 0.00597,11.37,11.33,26.3,15 m -   33 m
(2018 KP2),2018-May-24 18:39Ê±Ê< 00:01,11.74 | 0.03016,11.69 | 0.03003,13.25,13.24,24.5,33 m -   75 m
(2018 JG2),2018-May-25 22:30Ê±Ê< 00:01,18.40 | 0.04727,18.39 | 0.04725,6.91,6.90,23.9,44 m -   99 m
(2018 KY2),2018-May-26 05:25Ê±Ê< 00:01,0.78 | 0.00200,0.78 | 0.00200,12.18,12.07,27.2,9.7 m -   22 m
(2018 LE1),2018-May-28 12:55Ê±Ê< 00:01,1.59 | 0.00410,1.59 | 0.00409,5.89,5.78,27.5,8.4 m -   19 m
(2018 KR),2018-May-28 19:00Ê±Ê< 00:01,15.68 | 0.04030,15.63 | 0.04017,4.03,4.01,26.4,14 m -   31 m
68347 (2001 KB67),2018-May-29 02:46Ê±Ê< 00:01,9.50 | 0.02442,9.50 | 0.02442,13.34,13.33,19.8,290 m -  650 m
(2018 KN2),2018-May-29 15:11Ê±Ê< 00:01,6.10 | 0.01567,6.08 | 0.01562,8.04,8.02,25.5,21 m -   47 m
(2018 LM),2018-May-29 22:30Ê±Ê< 00:01,5.07 | 0.01303,5.06 | 0.01301,5.13,5.09,25.2,24 m -   54 m
(2018 LV2),2018-May-30 06:03Ê±Ê< 00:01,17.25 | 0.04431,17.18 | 0.04414,8.21,8.20,25.2,24 m -   54 m
(2018 LL),2018-May-31 03:00Ê±Ê< 00:01,3.93 | 0.01010,3.85 | 0.00990,28.57,28.56,24.6,32 m -   71 m
(2013 LE7),2018-May-31 05:05Ê±Ê< 00:01,17.74 | 0.04558,17.74 | 0.04558,1.72,1.69,27.5,8.4 m -   19 m
(2018 LB),2018-Jun-01 01:11Ê±Ê< 00:01,2.14 | 0.00549,2.13 | 0.00547,7.35,7.28,26,17 m -   38 m
(2018 KE1),2018-Jun-01 06:09Ê±ÊÊÊÊ00:02,10.77 | 0.02766,10.60 | 0.02725,16.21,16.20,25.1,25 m -   57 m
(2018 LC),2018-Jun-02 17:54Ê±Ê< 00:01,17.22 | 0.04426,17.17 | 0.04412,5.69,5.67,25.5,21 m -   47 m
(2018 MA5),2018-Jun-03 03:04Ê±Ê< 00:01,14.68 | 0.03773,14.65 | 0.03764,4.66,4.65,26.3,15 m -   33 m
(2018 LC1),2018-Jun-04 22:14Ê±Ê< 00:01,10.63 | 0.02730,10.61 | 0.02725,6.81,6.79,24.9,28 m -   62 m
(2018 LU2),2018-Jun-06 11:40Ê±Ê< 00:01,1.54 | 0.00397,1.54 | 0.00396,9.76,9.69,26.8,12 m -   26 m
(2018 LT5),2018-Jun-06 15:57Ê±ÊÊÊÊ00:03,9.28 | 0.02384,9.03 | 0.02321,18.87,18.87,24.9,28 m -   62 m
(2018 LG1),2018-Jun-06 17:22Ê±Ê< 00:01,19.25 | 0.04948,19.23 | 0.04941,11.57,11.56,23.3,58 m -  130 m
(2018 LE4),2018-Jun-07 15:46Ê±Ê< 00:01,14.70 | 0.03778,14.68 | 0.03771,13.46,13.46,23.8,46 m -  100 m
(2018 NE),2018-Jun-08 14:26Ê±Ê< 00:01,17.74 | 0.04557,17.72 | 0.04554,7.42,7.41,23.4,56 m -  120 m
(2018 LG4),2018-Jun-08 21:03Ê±ÊÊÊÊ00:01,4.62 | 0.01187,4.60 | 0.01182,8.36,8.33,27.3,9.2 m -   21 m
(2018 LM15),2018-Jun-09 22:30Ê±Ê< 00:01,5.69 | 0.01462,5.61 | 0.01442,19.34,19.33,25.5,21 m -   47 m
(2018 LR2),2018-Jun-09 23:45Ê±Ê< 00:01,3.93 | 0.01009,3.92 | 0.01007,9.85,9.82,26,17 m -   38 m
(2018 EJ4),2018-Jun-10 19:17Ê±Ê< 00:01,5.56 | 0.01428,5.56 | 0.01428,6.18,6.15,21.4,140 m -  310 m
(2015 DP155),2018-Jun-11 05:53Ê±Ê< 00:01,8.96 | 0.02303,8.96 | 0.02303,4.42,4.39,21.5,130 m -  300 m
(2018 LQ3),2018-Jun-11 10:56Ê±Ê< 00:01,12.15 | 0.03123,12.11 | 0.03112,21.04,21.03,22.3,92 m -  210 m
(2018 LW3),2018-Jun-11 15:18Ê±Ê< 00:01,3.64 | 0.00937,3.63 | 0.00933,9.41,9.38,26,17 m -   38 m
(2018 LP3),2018-Jun-12 00:36Ê±Ê< 00:01,11.15 | 0.02864,11.09 | 0.02850,9.20,9.19,25.7,19 m -   43 m
(2018 MJ),2018-Jun-13 07:53Ê±Ê< 00:01,4.16 | 0.01070,4.14 | 0.01063,9.36,9.33,26.1,16 m -   36 m
(2018 LD1),2018-Jun-14 16:00Ê±Ê< 00:01,1.56 | 0.00402,1.56 | 0.00401,10.97,10.91,26.2,15 m -   34 m
(2018 LV3),2018-Jun-15 02:31Ê±Ê< 00:01,0.86 | 0.00221,0.86 | 0.00220,11.13,11.02,26.5,13 m -   30 m
(2018 LK),2018-Jun-15 20:27Ê±Ê< 00:01,7.62 | 0.01959,7.62 | 0.01959,12.43,12.41,21.7,120 m -  270 m
(2018 LN4),2018-Jun-16 11:30Ê±Ê< 00:01,16.48 | 0.04236,16.42 | 0.04218,14.63,14.63,23.7,48 m -  110 m
(2018 MZ4),2018-Jun-16 18:55Ê±Ê< 00:01,0.54 | 0.00139,0.54 | 0.00139,9.76,9.57,28.8,4.6 m -   10 m
(2018 LF1),2018-Jun-16 23:47Ê±Ê< 00:01,15.58 | 0.04003,15.49 | 0.03981,13.97,13.97,24.5,33 m -   75 m
(2018 LD4),2018-Jun-17 18:43Ê±Ê< 00:01,14.75 | 0.03790,14.66 | 0.03767,9.24,9.23,25,27 m -   59 m
(2018 MC7),2018-Jun-18 09:43Ê±Ê< 00:01,2.19 | 0.00562,2.19 | 0.00562,5.23,5.14,26.1,16 m -   36 m
(2018 KC3),2018-Jun-19 05:54Ê±Ê< 00:01,14.52 | 0.03731,14.48 | 0.03721,8.84,8.83,23.1,64 m -  140 m
(2018 MT6),2018-Jun-19 07:59Ê±Ê< 00:01,12.56 | 0.03228,12.50 | 0.03212,6.28,6.27,26.1,16 m -   36 m
(2018 LA6),2018-Jun-19 18:37Ê±Ê< 00:01,10.19 | 0.02619,10.09 | 0.02592,10.97,10.96,26.7,12 m -   27 m
(2018 NK4),2018-Jun-19 20:13Ê±Ê< 00:01,18.35 | 0.04715,18.32 | 0.04708,4.66,4.65,25.2,24 m -   54 m
(2018 MK),2018-Jun-20 11:03Ê±Ê< 00:01,7.49 | 0.01923,7.44 | 0.01913,17.11,17.10,24.3,37 m -   82 m
(2018 MJ5),2018-Jun-21 16:18Ê±Ê< 00:01,11.66 | 0.02997,11.59 | 0.02979,8.16,8.15,26.8,12 m -   26 m
(2018 MA),2018-Jun-21 16:33Ê±Ê< 00:01,19.18 | 0.04927,19.00 | 0.04882,16.64,16.64,24.3,37 m -   82 m
(2018 LX5),2018-Jun-21 18:02Ê±Ê< 00:01,5.22 | 0.01341,5.20 | 0.01336,11.74,11.72,25.3,23 m -   52 m
(2018 LS5),2018-Jun-21 20:49Ê±Ê< 00:01,6.50 | 0.01671,6.48 | 0.01664,9.02,9.00,26.6,13 m -   28 m
(2017 YE5),2018-Jun-21 20:53Ê±Ê< 00:01,15.51 | 0.03986,15.51 | 0.03986,15.47,15.47,19.2,380 m -  860 m
(2018 MX6),2018-Jun-22 18:32Ê±Ê< 00:01,10.00 | 0.02569,9.97 | 0.02561,7.01,7.00,24.8,29 m -   65 m
467309 (1996 AW1),2018-Jun-23 01:05Ê±Ê< 00:01,17.88 | 0.04594,17.88 | 0.04593,13.99,13.99,19.9,280 m -  620 m
(2018 MG7),2018-Jun-23 21:24Ê±Ê< 00:01,9.38 | 0.02409,9.35 | 0.02402,15.11,15.11,21.2,150 m -  340 m
441987 (2010 NY65),2018-Jun-24 09:06Ê±Ê< 00:01,7.27 | 0.01869,7.27 | 0.01869,12.58,12.57,21.5,130 m -  300 m
(2018 MX4),2018-Jun-27 18:22Ê±Ê< 00:01,5.52 | 0.01417,5.49 | 0.01411,7.97,7.94,26.7,12 m -   27 m
(2018 LN2),2018-Jun-28 13:02Ê±Ê< 00:01,10.50 | 0.02697,10.41 | 0.02674,9.38,9.37,23.1,64 m -  140 m
(2018 NL),2018-Jun-28 20:19Ê±Ê< 00:01,1.42 | 0.00365,1.42 | 0.00365,8.39,8.30,25.3,23 m -   52 m
(2018 MH7),2018-Jun-28 22:30Ê±Ê< 00:01,11.27 | 0.02896,11.21 | 0.02881,4.36,4.34,26.1,16 m -   36 m
(2018 LR3),2018-Jun-29 18:18Ê±Ê< 00:01,6.01 | 0.01545,6.00 | 0.01542,3.81,3.76,26.3,15 m -   33 m
(2018 NA),2018-Jun-29 23:40Ê±Ê< 00:01,16.45 | 0.04226,16.42 | 0.04220,13.07,13.07,23.1,64 m -  140 m
(2018 LT6),2018-Jul-01 06:35Ê±ÊÊÊÊ00:01,11.58 | 0.02975,11.43 | 0.02936,12.95,12.94,22.3,92 m -  210 m
(2018 LJ1),2018-Jul-01 13:06Ê±Ê< 00:01,13.87 | 0.03563,13.86 | 0.03562,2.65,2.62,26.5,13 m -   30 m
(2018 NH),2018-Jul-02 17:31Ê±Ê< 00:01,1.13 | 0.00290,1.12 | 0.00289,22.24,22.20,24.7,31 m -   68 m
(2018 NQ),2018-Jul-03 23:44Ê±Ê< 00:01,10.32 | 0.02653,10.26 | 0.02637,24.48,24.47,22.2,97 m -  220 m
(2018 MB7),2018-Jul-04 08:53Ê±Ê< 00:01,2.78 | 0.00714,2.78 | 0.00714,11.62,11.59,23.8,46 m -  100 m
(2018 NY),2018-Jul-05 08:38Ê±Ê< 00:01,7.96 | 0.02045,7.89 | 0.02028,7.72,7.70,26.5,13 m -   30 m
(2018 NU),2018-Jul-06 18:40Ê±Ê< 00:01,2.42 | 0.00621,2.41 | 0.00619,9.76,9.71,25.7,19 m -   43 m
(2018 NJ),2018-Jul-07 00:58Ê±Ê< 00:01,2.37 | 0.00609,2.37 | 0.00609,6.03,5.96,27.9,7.0 m -   16 m
(2018 NV),2018-Jul-07 02:08Ê±Ê< 00:01,9.96 | 0.02559,9.96 | 0.02559,6.59,6.58,22.8,73 m -  160 m
(2018 NX),2018-Jul-07 18:12Ê±Ê< 00:01,0.30 | 0.00078,0.30 | 0.00078,4.15,3.22,27.7,7.7 m -   17 m
(2018 NW),2018-Jul-08 03:12Ê±Ê< 00:01,0.32 | 0.00083,0.32 | 0.00083,21.26,21.11,27.8,7.3 m -   16 m
(2007 DG8),2018-Jul-08 22:03Ê±Ê< 00:01,13.01 | 0.03343,13.01 | 0.03343,9.18,9.17,25.3,23 m -   52 m
(2018 OB),2018-Jul-09 08:30Ê±Ê< 00:01,16.97 | 0.04362,16.97 | 0.04359,7.54,7.53,24.2,38 m -   86 m
(2018 NQ3),2018-Jul-10 19:07Ê±ÊÊÊÊ00:01,14.59 | 0.03749,14.45 | 0.03714,8.95,8.94,26,17 m -   38 m
(2018 NF1),2018-Jul-12 06:15Ê±Ê< 00:01,18.04 | 0.04636,17.90 | 0.04599,10.78,10.78,24.6,32 m -   71 m
(2018 PH8),2018-Jul-12 12:14Ê±ÊÊÊÊ00:46,17.38 | 0.04466,16.95 | 0.04356,8.16,8.15,25.2,24 m -   54 m
(2018 NW1),2018-Jul-14 07:32Ê±Ê< 00:01,9.90 | 0.02544,9.86 | 0.02534,9.19,9.18,25.3,23 m -   52 m
(2018 ND4),2018-Jul-14 23:26Ê±Ê< 00:01,12.64 | 0.03248,12.60 | 0.03238,11.94,11.94,25.1,25 m -   57 m
(2018 OM),2018-Jul-15 06:20Ê±Ê< 00:01,12.14 | 0.03119,12.09 | 0.03107,24.44,24.43,23.8,46 m -  100 m
(2018 NV2),2018-Jul-15 11:05Ê±Ê< 00:01,10.05 | 0.02583,9.94 | 0.02555,15.10,15.09,24.7,31 m -   68 m
(2018 NM),2018-Jul-17 05:29Ê±Ê< 00:01,1.40 | 0.00359,1.39 | 0.00358,6.74,6.62,26.4,14 m -   31 m
(2018 NL4),2018-Jul-18 01:34Ê±Ê< 00:01,10.39 | 0.02669,10.33 | 0.02655,12.69,12.68,24.2,38 m -   86 m
(2018 OQ),2018-Jul-18 18:48Ê±Ê< 00:01,3.72 | 0.00956,3.71 | 0.00953,6.07,6.03,26.8,12 m -   26 m
(2018 NQ1),2018-Jul-19 08:31Ê±Ê< 00:01,16.33 | 0.04196,16.21 | 0.04166,5.97,5.96,25.1,25 m -   57 m
(2018 OF),2018-Jul-19 22:20Ê±Ê< 00:01,14.64 | 0.03762,14.56 | 0.03740,14.02,14.01,24.3,37 m -   82 m
(2018 OY),2018-Jul-21 01:46Ê±Ê< 00:01,6.22 | 0.01598,6.18 | 0.01588,10.05,10.04,25.2,24 m -   54 m
(2018 NE1),2018-Jul-21 11:09Ê±Ê< 00:01,10.06 | 0.02586,10.06 | 0.02585,14.23,14.22,23.4,56 m -  120 m
(2018 NF4),2018-Jul-21 13:24Ê±Ê< 00:01,18.75 | 0.04819,18.63 | 0.04787,12.76,12.75,22.4,88 m -  200 m
(2018 OL),2018-Jul-22 04:10Ê±Ê< 00:01,11.43 | 0.02937,11.40 | 0.02928,16.07,16.07,24.1,40 m -   90 m
(2018 OF2),2018-Jul-24 10:49Ê±ÊÊÊÊ00:20,1.14 | 0.00294,0.93 | 0.00239,11.91,11.83,27.4,9.0 m -   20 m
(2018 PZ23),2018-Jul-25 00:03Ê±ÊÊÊÊ00:01,17.33 | 0.04453,17.28 | 0.04440,6.94,6.94,25.3,23 m -   51 m
(2018 NR1),2018-Jul-27 01:23Ê±Ê< 00:01,17.00 | 0.04368,16.98 | 0.04364,5.14,5.13,24.7,31 m -   68 m
(2018 PK21),2018-Jul-30 04:07Ê±Ê< 00:01,15.59 | 0.04007,15.57 | 0.04000,1.58,1.53,25.9,17 m -   38 m
(2018 PU7),2018-Jul-31 01:35Ê±Ê< 00:01,14.06 | 0.03613,14.05 | 0.03611,10.39,10.39,23.3,59 m -  130 m
(2018 PA25),2018-Jul-31 15:03Ê±Ê1_18:59,10.63 | 0.02732,5.43 | 0.01395,17.90,17.89,25,27 m -   61 m
(2018 PD9),2018-Aug-01 09:10Ê±Ê< 00:01,5.31 | 0.01365,5.30 | 0.01361,6.18,6.15,27.5,8.5 m -   19 m
(2018 PR24),2018-Aug-01 12:37Ê±ÊÊÊÊ00:12,14.21 | 0.03652,13.54 | 0.03480,14.01,14.01,24.8,29 m -   64 m
(2018 PP9),2018-Aug-03 14:52Ê±Ê< 00:01,1.63 | 0.00420,1.63 | 0.00420,6.09,5.98,26,17 m -   38 m
(2018 PJ20),2018-Aug-03 16:01Ê±Ê< 00:01,6.11 | 0.01571,6.08 | 0.01561,13.06,13.05,27.3,9.4 m -   21 m
(2018 PZ21),2018-Aug-03 20:51Ê±Ê< 00:01,6.83 | 0.01754,6.81 | 0.01749,5.70,5.67,26.7,12 m -   28 m
(2018 PY7),2018-Aug-03 21:03Ê±Ê< 00:01,1.07 | 0.00274,1.07 | 0.00274,9.99,9.89,26.8,12 m -   26 m
(2018 QJ1),2018-Aug-05 07:53Ê±ÊÊÊÊ00:09,8.27 | 0.02124,8.15 | 0.02093,9.50,9.49,25.2,24 m -   55 m
(2018 PR7),2018-Aug-06 01:59Ê±Ê< 00:01,1.36 | 0.00348,1.36 | 0.00348,4.35,4.17,28.5,5.2 m -   12 m
(2018 OZ),2018-Aug-06 12:02Ê±Ê< 00:01,6.97 | 0.01790,6.92 | 0.01779,9.62,9.60,24.9,28 m -   62 m
(2018 PC),2018-Aug-06 13:43Ê±Ê< 00:01,12.05 | 0.03096,12.02 | 0.03089,9.30,9.29,24.1,40 m -   90 m
(2018 PC20),2018-Aug-06 20:57Ê±Ê< 00:01,11.13 | 0.02859,11.09 | 0.02849,8.04,8.03,25.3,24 m -   53 m
(2018 PO20),2018-Aug-07 01:06Ê±Ê< 00:01,7.48 | 0.01923,7.47 | 0.01918,6.83,6.81,26.6,13 m -   29 m
(2018 QQ),2018-Aug-07 23:25Ê±Ê< 00:01,15.19 | 0.03902,15.16 | 0.03895,4.74,4.72,25.6,20 m -   46 m
(2018 PN22),2018-Aug-09 08:17Ê±Ê< 00:01,6.22 | 0.01597,6.20 | 0.01594,2.42,2.35,27.4,8.8 m -   20 m
(2018 QX),2018-Aug-10 13:04Ê±Ê< 00:01,5.52 | 0.01418,5.48 | 0.01408,4.86,4.82,26.9,11 m -   25 m
(2018 PM10),2018-Aug-10 14:17Ê±Ê< 00:01,3.21 | 0.00826,3.21 | 0.00825,7.85,7.81,27,11 m -   24 m
(2018 PD20),2018-Aug-10 14:31Ê±ÊÊÊÊ00:02,0.09 | 0.00022,0.09 | 0.00022,12.02,10.99,27.4,8.9 m -   20 m
(2018 QS),2018-Aug-14 11:33Ê±Ê< 00:01,4.49 | 0.01153,4.48 | 0.01152,9.75,9.73,26.2,15 m -   34 m
(2018 PN20),2018-Aug-15 05:30Ê±ÊÊÊÊ00:02,15.25 | 0.03919,15.01 | 0.03858,11.41,11.40,25.2,24 m -   54 m
(2018 PY23),2018-Aug-15 20:50Ê±ÊÊÊÊ00:01,1.32 | 0.00339,1.30 | 0.00334,25.12,25.09,27.9,7.0 m -   16 m
(2018 PM20),2018-Aug-16 19:11Ê±Ê< 00:01,8.02 | 0.02060,7.91 | 0.02033,8.99,8.97,26.4,14 m -   31 m
(2018 PT23),2018-Aug-16 21:07Ê±Ê< 00:01,5.57 | 0.01432,5.54 | 0.01423,15.84,15.83,24.5,34 m -   76 m
(2018 PV24),2018-Aug-17 21:09Ê±ÊÊÊÊ01:58,1.18 | 0.00304,1.12 | 0.00289,6.56,6.42,29.7,3.0 m -  6.8 m
(2018 PL10),2018-Aug-18 03:49Ê±Ê< 00:01,19.28 | 0.04954,19.15 | 0.04921,12.54,12.54,22.1,99 m -  220 m
(2018 PO22),2018-Aug-18 08:43Ê±Ê< 00:01,8.85 | 0.02275,8.83 | 0.02270,11.06,11.05,23,66 m -  150 m
(2018 PK20),2018-Aug-18 18:12Ê±Ê< 00:01,7.90 | 0.02029,7.86 | 0.02020,8.31,8.29,25.9,18 m -   40 m
(2018 QZ),2018-Aug-19 05:32Ê±Ê< 00:01,6.60 | 0.01697,6.57 | 0.01689,9.50,9.48,24.3,36 m -   81 m
(2018 QE),2018-Aug-20 03:18Ê±Ê< 00:01,2.80 | 0.00718,2.79 | 0.00716,4.48,4.40,27.8,7.3 m -   16 m
(2018 QA1),2018-Aug-21 06:00Ê±Ê< 00:01,12.21 | 0.03136,12.18 | 0.03129,11.19,11.19,23.3,59 m -  130 m
(2018 QR1),2018-Aug-21 21:10Ê±Ê< 00:01,0.23 | 0.00059,0.23 | 0.00059,18.02,17.77,27.2,9.5 m -   21 m
(2018 PK9),2018-Aug-22 16:34Ê±ÊÊÊÊ00:02,16.99 | 0.04365,16.67 | 0.04284,8.97,8.97,25.2,25 m -   55 m
(2018 PW7),2018-Aug-23 09:49Ê±Ê< 00:01,11.31 | 0.02905,11.27 | 0.02895,10.61,10.60,24.2,38 m -   84 m
(2018 QF1),2018-Aug-23 17:05Ê±Ê< 00:01,18.02 | 0.04631,17.93 | 0.04606,14.32,14.32,23.4,55 m -  120 m
(2018 PU23),2018-Aug-23 20:57Ê±ÊÊÊÊ00:04,7.80 | 0.02003,7.76 | 0.01993,1.47,1.37,28.1,6.3 m -   14 m
(2018 QS1),2018-Aug-24 09:51Ê±Ê< 00:01,1.17 | 0.00300,1.16 | 0.00298,13.52,13.46,27.5,8.2 m -   18 m
(2018 PR9),2018-Aug-24 12:21Ê±ÊÊÊÊ00:44,18.01 | 0.04627,17.13 | 0.04402,14.03,14.03,24.4,35 m -   77 m
(2018 QH1),2018-Aug-27 20:36Ê±Ê< 00:01,13.17 | 0.03384,12.97 | 0.03333,12.46,12.45,25.6,20 m -   44 m
(2018 LQ2),2018-Aug-27 21:35Ê±Ê< 00:01,9.36 | 0.02405,9.36 | 0.02404,1.49,1.41,24.8,29 m -   65 m
(2016 GK135),2018-Aug-28 16:31Ê±ÊÊÊÊ00:45,16.70 | 0.04290,16.66 | 0.04281,2.75,2.73,28.1,6.4 m -   14 m
(2016 NF23),2018-Aug-29 03:38Ê±Ê< 00:01,13.14 | 0.03377,13.14 | 0.03377,9.04,9.03,22.9,70 m -  160 m
(1998 SD9),2018-Aug-29 07:29Ê±Ê< 00:01,4.21 | 0.01083,4.21 | 0.01083,10.70,10.68,24.2,38 m -   86 m
(2018 DE1),2018-Aug-30 15:30Ê±ÊÊÊÊ01:11,15.18 | 0.03902,14.62 | 0.03756,6.48,6.47,25.5,21 m -   47 m
(2018 RN1),2018-Aug-30 19:33Ê±Ê< 00:01,8.98 | 0.02308,8.92 | 0.02292,12.83,12.82,25.3,23 m -   51 m
(2018 QW1),2018-Aug-30 22:03Ê±Ê< 00:01,9.10 | 0.02337,9.08 | 0.02334,13.78,13.77,22.4,87 m -  190 m
(2018 RE),2018-Aug-31 01:03Ê±Ê< 00:01,5.93 | 0.01524,5.90 | 0.01515,23.55,23.55,24.4,36 m -   80 m
(2018 RZ),2018-Aug-31 08:07Ê±Ê< 00:01,8.65 | 0.02224,8.56 | 0.02199,23.08,23.08,24.6,33 m -   73 m
(2005 FG),2018-Aug-31 09:19Ê±Ê< 00:01,19.29 | 0.04957,19.29 | 0.04957,5.39,5.38,23.9,44 m -   99 m
(2018 RY),2018-Sep-01 04:51Ê±Ê< 00:01,13.02 | 0.03346,13.01 | 0.03343,15.09,15.09,23.3,58 m -  130 m
(2018 RA),2018-Sep-01 09:17Ê±Ê< 00:01,3.03 | 0.00779,3.03 | 0.00779,6.92,6.87,26.7,12 m -   28 m
(2001 RQ17),2018-Sep-02 12:04Ê±Ê< 00:01,19.26 | 0.04948,19.26 | 0.04948,8.27,8.26,22.6,80 m -  180 m
(2018 RN),2018-Sep-03 01:00Ê±Ê< 00:01,12.49 | 0.03208,12.42 | 0.03192,9.78,9.77,23.8,47 m -  100 m
523788 (2015 FP118),2018-Sep-03 10:09Ê±Ê< 00:01,12.24 | 0.03144,12.23 | 0.03144,9.77,9.76,19.3,370 m -  820 m
(2018 QA),2018-Sep-03 16:51Ê±ÊÊÊÊ01:01,17.43 | 0.04478,16.24 | 0.04173,20.37,20.37,23.4,54 m -  120 m
(2018 RR1),2018-Sep-03 22:00Ê±Ê< 00:01,0.94 | 0.00243,0.94 | 0.00242,4.60,4.35,29.9,2.7 m -  6.1 m
(2018 RO1),2018-Sep-04 14:04Ê±Ê< 00:01,4.23 | 0.01087,4.21 | 0.01082,11.07,11.05,27,11 m -   24 m
(2018 RD6),2018-Sep-04 20:18Ê±ÊÊÊÊ00:13,4.83 | 0.01241,4.70 | 0.01209,9.08,9.06,27.8,7.2 m -   16 m
(2018 RD2),2018-Sep-04 21:50Ê±Ê< 00:01,5.76 | 0.01479,5.69 | 0.01463,8.33,8.30,26.9,11 m -   24 m
(2018 RO),2018-Sep-05 07:32Ê±Ê< 00:01,5.83 | 0.01497,5.81 | 0.01492,6.41,6.38,26,17 m -   37 m
(2018 RH3),2018-Sep-05 09:10Ê±Ê< 00:01,1.90 | 0.00488,1.89 | 0.00487,8.44,8.38,26.1,16 m -   36 m
(2018 RE4),2018-Sep-05 09:45Ê±Ê< 00:01,6.83 | 0.01755,6.78 | 0.01742,6.31,6.29,27.1,10 m -   23 m
(2018 RP),2018-Sep-05 11:26Ê±Ê< 00:01,3.76 | 0.00966,3.75 | 0.00964,14.16,14.15,26.2,15 m -   35 m
(2018 RB2),2018-Sep-05 15:37Ê±Ê< 00:01,1.47 | 0.00378,1.47 | 0.00378,9.21,9.14,27.3,9.3 m -   21 m
(2018 RS),2018-Sep-05 17:21Ê±ÊÊÊÊ00:01,0.28 | 0.00071,0.27 | 0.00071,17.07,16.85,29.5,3.4 m -  7.6 m
(2018 RE7),2018-Sep-05 20:14Ê±Ê< 00:01,13.04 | 0.03350,12.84 | 0.03301,11.92,11.92,24.1,41 m -   92 m
(2018 RE2),2018-Sep-06 10:06Ê±Ê< 00:01,0.99 | 0.00255,0.99 | 0.00254,8.73,8.61,28.5,5.4 m -   12 m
(2018 RG3),2018-Sep-06 10:59Ê±Ê< 00:01,9.02 | 0.02317,8.98 | 0.02307,7.40,7.38,26.2,16 m -   35 m
(2018 RR),2018-Sep-06 11:28Ê±Ê< 00:01,1.99 | 0.00511,1.98 | 0.00510,8.97,8.91,27.5,8.2 m -   18 m
(2018 RS5),2018-Sep-06 23:01Ê±Ê< 00:01,12.14 | 0.03120,12.03 | 0.03090,16.70,16.69,24.5,33 m -   75 m
(2018 RQ),2018-Sep-07 13:55Ê±Ê< 00:01,12.49 | 0.03209,12.37 | 0.03180,13.29,13.28,24.7,30 m -   67 m
(2018 RJ3),2018-Sep-07 21:43Ê±Ê< 00:01,0.44 | 0.00112,0.43 | 0.00112,8.39,8.11,27.8,7.2 m -   16 m
(2018 RF3),2018-Sep-07 22:08Ê±Ê< 00:01,1.99 | 0.00512,1.99 | 0.00511,9.89,9.83,26.9,11 m -   24 m
(2018 RD8),2018-Sep-07 23:02Ê±Ê< 00:01,10.28 | 0.02640,10.16 | 0.02610,8.46,8.44,25,27 m -   60 m
(2018 RF),2018-Sep-08 00:22Ê±Ê< 00:01,11.76 | 0.03022,11.74 | 0.03016,13.28,13.27,24.6,33 m -   73 m
(2018 RD1),2018-Sep-08 01:37Ê±Ê< 00:01,13.49 | 0.03466,13.46 | 0.03458,10.06,10.05,24.1,40 m -   90 m
(2018 RV7),2018-Sep-08 04:53Ê±Ê< 00:01,10.01 | 0.02573,9.95 | 0.02556,13.51,13.51,26.4,14 m -   32 m
(2018 RW),2018-Sep-08 05:18Ê±Ê< 00:01,0.44 | 0.00114,0.44 | 0.00114,6.25,5.87,30.3,2.3 m -  5.2 m
(2018 RY3),2018-Sep-08 10:58Ê±Ê< 00:01,4.40 | 0.01130,4.38 | 0.01127,19.70,19.69,25.3,23 m -   51 m
(2018 RF5),2018-Sep-08 18:58Ê±Ê< 00:01,7.93 | 0.02038,7.90 | 0.02030,9.03,9.02,27.4,9.0 m -   20 m
(2018 RV27),2018-Sep-09 10:48Ê±Ê< 00:01,2.14 | 0.00551,2.13 | 0.00547,10.93,10.89,28.2,6.2 m -   14 m
(2018 RC),2018-Sep-09 12:09Ê±Ê< 00:01,0.58 | 0.00150,0.58 | 0.00150,5.33,4.99,24.9,28 m -   63 m
(2018 RR5),2018-Sep-09 12:28Ê±Ê< 00:01,7.38 | 0.01896,7.36 | 0.01892,5.16,5.13,26.3,14 m -   32 m
(2018 RD4),2018-Sep-09 14:14Ê±Ê< 00:01,2.28 | 0.00585,2.28 | 0.00585,6.03,5.95,28.4,5.7 m -   13 m
(2018 RD7),2018-Sep-09 21:41Ê±Ê< 00:01,14.21 | 0.03652,14.16 | 0.03638,7.48,7.47,25.1,25 m -   56 m
(2018 RO5),2018-Sep-09 22:02Ê±Ê< 00:01,5.29 | 0.01359,5.28 | 0.01356,7.07,7.04,25.5,21 m -   47 m
(2018 RE1),2018-Sep-10 04:18Ê±Ê< 00:01,11.06 | 0.02843,11.00 | 0.02827,25.97,25.97,24.5,33 m -   73 m
(2018 RQ5),2018-Sep-10 06:53Ê±Ê< 00:01,14.96 | 0.03844,14.90 | 0.03830,10.37,10.36,24.7,30 m -   68 m
(2018 RF2),2018-Sep-10 08:58Ê±Ê< 00:01,4.01 | 0.01031,4.00 | 0.01029,10.88,10.85,27.8,7.2 m -   16 m
(2018 RH5),2018-Sep-10 15:21Ê±Ê< 00:01,13.34 | 0.03429,13.25 | 0.03406,6.83,6.82,26.5,13 m -   29 m
(2018 RJ6),2018-Sep-10 15:45Ê±Ê< 00:01,13.22 | 0.03396,13.12 | 0.03370,11.15,11.14,26.4,14 m -   31 m
(2018 RA1),2018-Sep-10 23:47Ê±Ê< 00:01,2.40 | 0.00617,2.40 | 0.00616,10.07,10.03,26.4,14 m -   31 m
(2015 SW6),2018-Sep-11 00:08Ê±Ê< 00:01,9.20 | 0.02364,9.20 | 0.02364,10.50,10.49,24.6,32 m -   71 m
(2018 QU1),2018-Sep-11 03:40Ê±Ê< 00:01,10.90 | 0.02800,10.89 | 0.02798,12.52,12.51,22.7,78 m -  170 m
(2018 RP5),2018-Sep-11 14:05Ê±Ê< 00:01,4.33 | 0.01113,4.32 | 0.01111,13.66,13.65,26.3,15 m -   33 m
(2018 RB1),2018-Sep-11 14:20Ê±Ê< 00:01,2.45 | 0.00630,2.45 | 0.00629,8.13,8.08,27.7,7.8 m -   18 m
(2018 RD5),2018-Sep-12 02:42Ê±Ê< 00:01,4.39 | 0.01128,4.39 | 0.01127,6.46,6.42,25.9,18 m -   40 m
(2018 RT5),2018-Sep-12 03:57Ê±Ê< 00:01,1.64 | 0.00420,1.63 | 0.00420,9.28,9.21,26.1,16 m -   37 m
(2018 RR4),2018-Sep-12 12:59Ê±Ê< 00:01,3.22 | 0.00828,3.21 | 0.00826,8.87,8.84,27.1,10 m -   23 m
(2018 RY5),2018-Sep-12 17:12Ê±Ê< 00:01,0.47 | 0.00120,0.47 | 0.00120,23.72,23.62,26.5,13 m -   30 m
(2018 RZ5),2018-Sep-12 20:08Ê±Ê< 00:01,0.13 | 0.00033,0.13 | 0.00033,20.23,19.83,29.7,3.1 m -  6.9 m
(2018 RA6),2018-Sep-12 23:10Ê±Ê< 00:01,4.71 | 0.01211,4.67 | 0.01201,13.04,13.02,25.4,22 m -   49 m
(2018 RO8),2018-Sep-13 09:57Ê±Ê< 00:01,10.96 | 0.02817,10.91 | 0.02802,11.73,11.73,25.6,20 m -   45 m
(2018 RE3),2018-Sep-13 12:44Ê±Ê< 00:01,1.84 | 0.00472,1.83 | 0.00471,10.26,10.20,27.1,9.9 m -   22 m
(2018 RE8),2018-Sep-13 23:23Ê±Ê< 00:01,1.23 | 0.00315,1.22 | 0.00314,10.11,10.03,27,10 m -   23 m
(2018 RF6),2018-Sep-14 09:08Ê±Ê< 00:01,13.10 | 0.03365,13.02 | 0.03345,12.43,12.42,25,27 m -   60 m
(2018 RC4),2018-Sep-14 20:02Ê±Ê< 00:01,10.46 | 0.02687,10.42 | 0.02678,8.06,8.05,25.8,18 m -   41 m
(2018 RE5),2018-Sep-15 03:45Ê±Ê< 00:01,1.48 | 0.00379,1.47 | 0.00378,15.33,15.29,27.4,8.8 m -   20 m
(2018 RQ2),2018-Sep-15 08:15Ê±Ê< 00:01,9.74 | 0.02502,9.70 | 0.02493,14.37,14.36,22.9,70 m -  160 m
(2018 RC1),2018-Sep-15 14:00Ê±Ê< 00:01,16.67 | 0.04285,16.60 | 0.04266,2.16,2.13,26.2,15 m -   34 m
(2018 SM),2018-Sep-15 22:29Ê±Ê< 00:01,0.11 | 0.00028,0.11 | 0.00028,11.08,10.20,29.4,3.5 m -  7.9 m
(2018 RB6),2018-Sep-16 04:58Ê±Ê< 00:01,1.52 | 0.00389,1.51 | 0.00388,13.55,13.50,25.8,19 m -   42 m
(2018 RN7),2018-Sep-16 18:18Ê±Ê< 00:01,2.03 | 0.00521,2.02 | 0.00520,18.48,18.46,27.5,8.6 m -   19 m
(2018 RG5),2018-Sep-16 18:29Ê±Ê< 00:01,4.49 | 0.01155,4.48 | 0.01151,8.29,8.26,26.7,12 m -   27 m
(2018 RA2),2018-Sep-16 19:04Ê±Ê< 00:01,8.00 | 0.02056,7.96 | 0.02046,9.34,9.32,25.5,21 m -   47 m
(2018 SL1),2018-Sep-16 22:22Ê±Ê< 00:01,9.48 | 0.02436,9.36 | 0.02405,8.74,8.73,26.1,16 m -   36 m
(2018 RG8),2018-Sep-16 22:45Ê±Ê< 00:01,3.54 | 0.00910,3.54 | 0.00908,6.99,6.95,26.7,12 m -   27 m
(2018 RM7),2018-Sep-17 05:17Ê±Ê< 00:01,2.78 | 0.00714,2.77 | 0.00711,17.38,17.36,28.1,6.3 m -   14 m
(2018 SD1),2018-Sep-17 06:56Ê±Ê< 00:01,8.23 | 0.02116,8.21 | 0.02109,16.36,16.36,24.6,32 m -   71 m
(2018 RK6),2018-Sep-17 10:35Ê±Ê< 00:01,2.41 | 0.00620,2.41 | 0.00619,6.36,6.29,28,6.8 m -   15 m
(2018 RQ4),2018-Sep-17 22:44Ê±Ê< 00:01,11.85 | 0.03044,11.81 | 0.03034,7.78,7.77,26.9,11 m -   25 m
(2018 SB2),2018-Sep-17 23:57Ê±Ê< 00:01,11.89 | 0.03056,11.80 | 0.03032,23.56,23.56,24.2,38 m -   84 m
(2018 SC1),2018-Sep-18 03:34Ê±Ê< 00:01,4.04 | 0.01038,4.03 | 0.01034,7.97,7.93,27.6,8.1 m -   18 m
(2018 SJ1),2018-Sep-18 12:31Ê±Ê< 00:01,1.66 | 0.00426,1.66 | 0.00425,15.33,15.29,25,27 m -   59 m
(2018 SC),2018-Sep-18 14:46Ê±Ê< 00:01,0.70 | 0.00179,0.70 | 0.00179,14.03,13.92,27.9,6.9 m -   16 m
(2018 RM4),2018-Sep-18 17:32Ê±Ê< 00:01,10.98 | 0.02821,10.85 | 0.02788,11.17,11.16,25.4,22 m -   49 m
(2018 RF8),2018-Sep-19 05:38Ê±Ê< 00:01,1.37 | 0.00352,1.37 | 0.00351,15.81,15.76,25.8,19 m -   42 m
(2018 RB4),2018-Sep-19 16:50Ê±Ê< 00:01,17.80 | 0.04574,17.67 | 0.04540,3.60,3.59,26.9,11 m -   25 m
(2018 SQ1),2018-Sep-20 03:37Ê±Ê< 00:01,1.96 | 0.00504,1.95 | 0.00502,18.72,18.69,26.6,13 m -   29 m
(2017 SL16),2018-Sep-20 21:09Ê±Ê< 00:01,8.50 | 0.02183,8.29 | 0.02129,6.42,6.40,25.8,18 m -   41 m
(2018 SR1),2018-Sep-22 16:30Ê±Ê< 00:01,16.99 | 0.04365,16.94 | 0.04354,14.11,14.11,22.5,85 m -  190 m
(2018 RH6),2018-Sep-22 20:56Ê±Ê< 00:01,8.57 | 0.02201,8.53 | 0.02191,5.97,5.95,27.5,8.5 m -   19 m
(2018 ST1),2018-Sep-24 06:38Ê±Ê< 00:01,4.30 | 0.01106,4.29 | 0.01103,12.07,12.05,25.1,25 m -   57 m
(2018 RQ1),2018-Sep-24 22:57Ê±Ê< 00:01,4.06 | 0.01043,4.05 | 0.01042,3.09,3.01,24.1,40 m -   89 m
(2018 SK),2018-Sep-25 00:29Ê±Ê< 00:01,13.07 | 0.03358,12.89 | 0.03313,7.72,7.71,25.7,19 m -   43 m
(2018 SD2),2018-Sep-25 06:07Ê±ÊÊÊÊ00:03,0.23 | 0.00059,0.23 | 0.00058,4.14,2.85,28.6,5.0 m -   11 m
(2018 SN2),2018-Sep-26 19:42Ê±Ê< 00:01,11.78 | 0.03028,11.70 | 0.03007,7.48,7.47,24.3,37 m -   83 m
(2018 SS1),2018-Sep-27 03:10Ê±Ê< 00:01,6.50 | 0.01671,6.48 | 0.01666,14.29,14.28,23.7,48 m -  110 m
(2018 SM1),2018-Sep-27 11:42Ê±Ê< 00:01,6.79 | 0.01746,6.79 | 0.01746,5.53,5.51,22.9,70 m -  160 m
(2018 SF2),2018-Sep-29 11:43Ê±Ê< 00:01,3.22 | 0.00827,3.21 | 0.00826,17.06,17.04,24.6,31 m -   70 m
(2018 SE2),2018-Sep-30 01:18Ê±Ê< 00:01,5.89 | 0.01512,5.87 | 0.01509,11.49,11.48,24.7,31 m -   69 m
(2018 SO2),2018-Sep-30 13:08Ê±Ê< 00:01,6.36 | 0.01635,6.35 | 0.01631,7.57,7.55,25.9,18 m -   40 m
(2018 SP2),2018-Sep-30 16:40Ê±Ê< 00:01,2.13 | 0.00548,2.13 | 0.00546,14.36,14.33,24.9,28 m -   62 m